protocol,horizon,scaling,sim_seed,seed,val_acc,full_acc,val_majority,full_majority,overlap_fraction,n_train,n_val
chronological,5,global_max,0,0,0.3979591836734694,0.5277777777777778,0.55,0.5465686274509803,0.10612244897959183,3916,980
chronological,5,train_only,0,0,0.46224489795918366,0.5929330065359477,0.55,0.5465686274509803,0.10612244897959183,3916,980
chronological,5,global_max,0,1,0.4887755102040816,0.565359477124183,0.55,0.5465686274509803,0.10612244897959183,3916,980
chronological,5,train_only,0,1,0.536734693877551,0.5743464052287581,0.55,0.5465686274509803,0.10612244897959183,3916,980
chronological,5,global_max,0,2,0.5387755102040817,0.565359477124183,0.55,0.5465686274509803,0.10612244897959183,3916,980
chronological,5,train_only,0,2,0.4775510204081633,0.6076388888888888,0.55,0.5465686274509803,0.10612244897959183,3916,980
chronological,5,global_max,0,3,0.5316326530612245,0.5612745098039216,0.55,0.5465686274509803,0.10612244897959183,3916,980
chronological,5,train_only,0,3,0.48775510204081635,0.6109068627450981,0.55,0.5465686274509803,0.10612244897959183,3916,980
chronological,5,global_max,0,4,0.3520408163265306,0.4571078431372549,0.55,0.5465686274509803,0.10612244897959183,3916,980
chronological,5,train_only,0,4,0.5214285714285715,0.6213235294117647,0.55,0.5465686274509803,0.10612244897959183,3916,980
chronological,5,global_max,0,5,0.536734693877551,0.5647467320261438,0.55,0.5465686274509803,0.10612244897959183,3916,980
chronological,5,train_only,0,5,0.5214285714285715,0.6047794117647058,0.55,0.5465686274509803,0.10612244897959183,3916,980
chronological,5,global_max,0,6,0.5153061224489796,0.588031045751634,0.55,0.5465686274509803,0.10612244897959183,3916,980
chronological,5,train_only,0,6,0.42653061224489797,0.6031454248366013,0.55,0.5465686274509803,0.10612244897959183,3916,980
chronological,5,global_max,0,7,0.503061224489796,0.5996732026143791,0.55,0.5465686274509803,0.10612244897959183,3916,980
chronological,5,train_only,0,7,0.49183673469387756,0.6160130718954249,0.55,0.5465686274509803,0.10612244897959183,3916,980
chronological,5,global_max,0,8,0.5214285714285715,0.5580065359477124,0.55,0.5465686274509803,0.10612244897959183,3916,980
chronological,5,train_only,0,8,0.5306122448979592,0.5835375816993464,0.55,0.5465686274509803,0.10612244897959183,3916,980
chronological,5,global_max,0,9,0.5346938775510204,0.556781045751634,0.55,0.5465686274509803,0.10612244897959183,3916,980
chronological,5,train_only,0,9,0.413265306122449,0.5855800653594772,0.55,0.5465686274509803,0.10612244897959183,3916,980
chronological,10,global_max,0,0,0.4024514811031665,0.6195052136577387,0.4290091930541369,0.40298507462686567,0.11133810010214505,3912,979
chronological,10,train_only,0,0,0.3707865168539326,0.6632590472296054,0.4290091930541369,0.40298507462686567,0.11133810010214505,3912,979
chronological,10,global_max,0,1,0.34627170582226763,0.6469024739317113,0.4290091930541369,0.40298507462686567,0.11133810010214505,3912,979
chronological,10,train_only,0,1,0.3442288049029622,0.6358617869556328,0.4290091930541369,0.40298507462686567,0.11133810010214505,3912,979
chronological,10,global_max,0,2,0.41062308478038817,0.6403598446125537,0.4290091930541369,0.40298507462686567,0.11133810010214505,3912,979
chronological,10,train_only,0,2,0.3830439223697651,0.6640768758945002,0.4290091930541369,0.40298507462686567,0.11133810010214505,3912,979
chronological,10,global_max,0,3,0.34933605720122574,0.6446534451032508,0.4290091930541369,0.40298507462686567,0.11133810010214505,3912,979
chronological,10,train_only,0,3,0.36772216547497444,0.6941320793293805,0.4290091930541369,0.40298507462686567,0.11133810010214505,3912,979
chronological,10,global_max,0,4,0.3125638406537283,0.4522592516867716,0.4290091930541369,0.40298507462686567,0.11133810010214505,3912,979
chronological,10,train_only,0,4,0.3534218590398366,0.6595788182375792,0.4290091930541369,0.40298507462686567,0.11133810010214505,3912,979
chronological,10,global_max,0,5,0.3442288049029622,0.5506031486403599,0.4290091930541369,0.40298507462686567,0.11133810010214505,3912,979
chronological,10,train_only,0,5,0.34627170582226763,0.6585565324064608,0.4290091930541369,0.40298507462686567,0.11133810010214505,3912,979
chronological,10,global_max,0,6,0.4065372829417773,0.6534451032508689,0.4290091930541369,0.40298507462686567,0.11133810010214505,3912,979
chronological,10,train_only,0,6,0.3146067415730337,0.6240032713146596,0.4290091930541369,0.40298507462686567,0.11133810010214505,3912,979
chronological,10,global_max,0,7,0.35240040858018384,0.475362911470047,0.4290091930541369,0.40298507462686567,0.11133810010214505,3912,979
chronological,10,train_only,0,7,0.34627170582226763,0.6726640768758945,0.4290091930541369,0.40298507462686567,0.11133810010214505,3912,979
chronological,10,global_max,0,8,0.35137895812053116,0.5571457779595175,0.4290091930541369,0.40298507462686567,0.11133810010214505,3912,979
chronological,10,train_only,0,8,0.36670071501532175,0.6246166428133306,0.4290091930541369,0.40298507462686567,0.11133810010214505,3912,979
chronological,10,global_max,0,9,0.3748723186925434,0.5587814352893069,0.4290091930541369,0.40298507462686567,0.11133810010214505,3912,979
chronological,10,train_only,0,9,0.29213483146067415,0.5534655489674913,0.4290091930541369,0.40298507462686567,0.11133810010214505,3912,979
chronological,20,global_max,0,0,0.2599795291709314,0.6650276582667486,0.4483111566018424,0.38270846138086456,0.1218014329580348,3904,977
chronological,20,train_only,0,0,0.3828045035823951,0.6603155091169842,0.4483111566018424,0.38270846138086456,0.1218014329580348,3904,977
chronological,20,global_max,0,1,0.3132036847492323,0.5994673222700266,0.4483111566018424,0.38270846138086456,0.1218014329580348,3904,977
chronological,20,train_only,0,1,0.2712384851586489,0.6138086457693096,0.4483111566018424,0.38270846138086456,0.1218014329580348,3904,977
chronological,20,global_max,0,2,0.3254861821903787,0.6732227002663389,0.4483111566018424,0.38270846138086456,0.1218014329580348,3904,977
chronological,20,train_only,0,2,0.3428863868986694,0.7062077443146896,0.4483111566018424,0.38270846138086456,0.1218014329580348,3904,977
chronological,20,global_max,0,3,0.353121801432958,0.6588813767670559,0.4483111566018424,0.38270846138086456,0.1218014329580348,3904,977
chronological,20,train_only,0,3,0.33265097236438074,0.652939971317353,0.4483111566018424,0.38270846138086456,0.1218014329580348,3904,977
chronological,20,global_max,0,4,0.32139201637666326,0.6429010448678549,0.4483111566018424,0.38270846138086456,0.1218014329580348,3904,977
chronological,20,train_only,0,4,0.27533265097236437,0.6988322065150584,0.4483111566018424,0.38270846138086456,0.1218014329580348,3904,977
chronological,20,global_max,0,5,0.35209825997952915,0.6906371645154682,0.4483111566018424,0.38270846138086456,0.1218014329580348,3904,977
chronological,20,train_only,0,5,0.3193449334698055,0.7068223724646588,0.4483111566018424,0.38270846138086456,0.1218014329580348,3904,977
chronological,20,global_max,0,6,0.31218014329580346,0.687359147715632,0.4483111566018424,0.38270846138086456,0.1218014329580348,3904,977
chronological,20,train_only,0,6,0.34390992835209827,0.7273099774636345,0.4483111566018424,0.38270846138086456,0.1218014329580348,3904,977
chronological,20,global_max,0,7,0.34698055271238487,0.6574472444171277,0.4483111566018424,0.38270846138086456,0.1218014329580348,3904,977
chronological,20,train_only,0,7,0.3694984646878199,0.7141979102642901,0.4483111566018424,0.38270846138086456,0.1218014329580348,3904,977
chronological,20,global_max,0,8,0.428863868986694,0.5683261626715836,0.4483111566018424,0.38270846138086456,0.1218014329580348,3904,977
chronological,20,train_only,0,8,0.3132036847492323,0.652120467117394,0.4483111566018424,0.38270846138086456,0.1218014329580348,3904,977
chronological,20,global_max,0,9,0.39815762538382804,0.7139930342143004,0.4483111566018424,0.38270846138086456,0.1218014329580348,3904,977
chronological,20,train_only,0,9,0.4104401228249744,0.7396025404630199,0.4483111566018424,0.38270846138086456,0.1218014329580348,3904,977
purged_embargoed,5,global_max,0,0,0.5261538461538462,0.5706699346405228,0.5476923076923077,0.5465686274509803,0.0,3812,975
purged_embargoed,5,train_only,0,0,0.5415384615384615,0.571078431372549,0.5476923076923077,0.5465686274509803,0.0,3812,975
purged_embargoed,5,global_max,0,1,0.5107692307692308,0.5606617647058824,0.5476923076923077,0.5465686274509803,0.0,3812,975
purged_embargoed,5,train_only,0,1,0.49435897435897436,0.5686274509803921,0.5476923076923077,0.5465686274509803,0.0,3812,975
purged_embargoed,5,global_max,0,2,0.4707692307692308,0.5555555555555556,0.5476923076923077,0.5465686274509803,0.0,3812,975
purged_embargoed,5,train_only,0,2,0.4594871794871795,0.5718954248366013,0.5476923076923077,0.5465686274509803,0.0,3812,975
purged_embargoed,5,global_max,0,3,0.5005128205128205,0.5622957516339869,0.5476923076923077,0.5465686274509803,0.0,3812,975
purged_embargoed,5,train_only,0,3,0.5076923076923077,0.5980392156862745,0.5476923076923077,0.5465686274509803,0.0,3812,975
purged_embargoed,5,global_max,0,4,0.52,0.5639297385620915,0.5476923076923077,0.5465686274509803,0.0,3812,975
purged_embargoed,5,train_only,0,4,0.4666666666666667,0.6033496732026143,0.5476923076923077,0.5465686274509803,0.0,3812,975
purged_embargoed,5,global_max,0,5,0.521025641025641,0.579248366013072,0.5476923076923077,0.5465686274509803,0.0,3812,975
purged_embargoed,5,train_only,0,5,0.5046153846153846,0.5933415032679739,0.5476923076923077,0.5465686274509803,0.0,3812,975
purged_embargoed,5,global_max,0,6,0.5158974358974359,0.6011029411764706,0.5476923076923077,0.5465686274509803,0.0,3812,975
purged_embargoed,5,train_only,0,6,0.49846153846153846,0.6015114379084967,0.5476923076923077,0.5465686274509803,0.0,3812,975
purged_embargoed,5,global_max,0,7,0.5148717948717949,0.585171568627451,0.5476923076923077,0.5465686274509803,0.0,3812,975
purged_embargoed,5,train_only,0,7,0.4676923076923077,0.6274509803921569,0.5476923076923077,0.5465686274509803,0.0,3812,975
purged_embargoed,5,global_max,0,8,0.5456410256410257,0.5584150326797386,0.5476923076923077,0.5465686274509803,0.0,3812,975
purged_embargoed,5,train_only,0,8,0.48205128205128206,0.5816993464052288,0.5476923076923077,0.5465686274509803,0.0,3812,975
purged_embargoed,5,global_max,0,9,0.517948717948718,0.5816993464052288,0.5476923076923077,0.5465686274509803,0.0,3812,975
purged_embargoed,5,train_only,0,9,0.46564102564102566,0.6013071895424836,0.5476923076923077,0.5465686274509803,0.0,3812,975
purged_embargoed,10,global_max,0,0,0.3240454076367389,0.5996728685340421,0.4262125902992776,0.40298507462686567,0.0,3803,969
purged_embargoed,10,train_only,0,0,0.3942208462332301,0.5514209773052545,0.4262125902992776,0.40298507462686567,0.0,3803,969
purged_embargoed,10,global_max,0,1,0.2579979360165119,0.4739317113064813,0.4262125902992776,0.40298507462686567,0.0,3803,969
purged_embargoed,10,train_only,0,1,0.36945304437564497,0.6274790431404621,0.4262125902992776,0.40298507462686567,0.0,3803,969
purged_embargoed,10,global_max,0,2,0.36945304437564497,0.6233898998159886,0.4262125902992776,0.40298507462686567,0.0,3803,969
purged_embargoed,10,train_only,0,2,0.37770897832817335,0.6542629319157637,0.4262125902992776,0.40298507462686567,0.0,3803,969
purged_embargoed,10,global_max,0,3,0.40350877192982454,0.5471273768145574,0.4262125902992776,0.40298507462686567,0.0,3803,969
purged_embargoed,10,train_only,0,3,0.37564499484004127,0.6751175628705787,0.4262125902992776,0.40298507462686567,0.0,3803,969
purged_embargoed,10,global_max,0,4,0.347781217750258,0.562461664281333,0.4262125902992776,0.40298507462686567,0.0,3803,969
purged_embargoed,10,train_only,0,4,0.38699690402476783,0.6178695563279493,0.4262125902992776,0.40298507462686567,0.0,3803,969
purged_embargoed,10,global_max,0,5,0.43343653250773995,0.5822940094050296,0.4262125902992776,0.40298507462686567,0.0,3803,969
purged_embargoed,10,train_only,0,5,0.32714138286893707,0.6383152729503169,0.4262125902992776,0.40298507462686567,0.0,3803,969
purged_embargoed,10,global_max,0,6,0.40454076367389064,0.6211408709875281,0.4262125902992776,0.40298507462686567,0.0,3803,969
purged_embargoed,10,train_only,0,6,0.33436532507739936,0.6446534451032508,0.4262125902992776,0.40298507462686567,0.0,3803,969
purged_embargoed,10,global_max,0,7,0.3126934984520124,0.45389490901656104,0.4262125902992776,0.40298507462686567,0.0,3803,969
purged_embargoed,10,train_only,0,7,0.36635706914344685,0.6781844203639338,0.4262125902992776,0.40298507462686567,0.0,3803,969
purged_embargoed,10,global_max,0,8,0.2899896800825593,0.5532610918012676,0.4262125902992776,0.40298507462686567,0.0,3803,969
purged_embargoed,10,train_only,0,8,0.3508771929824561,0.6213453281537518,0.4262125902992776,0.40298507462686567,0.0,3803,969
purged_embargoed,10,global_max,0,9,0.37564499484004127,0.6107135555101206,0.4262125902992776,0.40298507462686567,0.0,3803,969
purged_embargoed,10,train_only,0,9,0.3126934984520124,0.5158454303823349,0.4262125902992776,0.40298507462686567,0.0,3803,969
purged_embargoed,20,global_max,0,0,0.36363636363636365,0.5640237656217988,0.44932079414838033,0.38270846138086456,0.0,3785,957
purged_embargoed,20,train_only,0,0,0.38662486938349006,0.5687359147715632,0.44932079414838033,0.38270846138086456,0.0,3785,957
purged_embargoed,20,global_max,0,1,0.2884012539184953,0.6295841016185207,0.44932079414838033,0.38270846138086456,0.0,3785,957
purged_embargoed,20,train_only,0,1,0.290491118077325,0.595779553370211,0.44932079414838033,0.38270846138086456,0.0,3785,957
purged_embargoed,20,global_max,0,2,0.3458725182863114,0.6635935259168203,0.44932079414838033,0.38270846138086456,0.0,3785,957
purged_embargoed,20,train_only,0,2,0.37513061650992685,0.6136037697193198,0.44932079414838033,0.38270846138086456,0.0,3785,957
purged_embargoed,20,global_max,0,3,0.31452455590386624,0.6793689817660316,0.44932079414838033,0.38270846138086456,0.0,3785,957
purged_embargoed,20,train_only,0,3,0.3542319749216301,0.7148125384142594,0.44932079414838033,0.38270846138086456,0.0,3785,957
purged_embargoed,20,global_max,0,4,0.4117032392894462,0.49313665232534315,0.44932079414838033,0.38270846138086456,0.0,3785,957
purged_embargoed,20,train_only,0,4,0.3333333333333333,0.6912517926654375,0.44932079414838033,0.38270846138086456,0.0,3785,957
purged_embargoed,20,global_max,0,5,0.4158829676071055,0.5562384757221881,0.44932079414838033,0.38270846138086456,0.0,3785,957
purged_embargoed,20,train_only,0,5,0.3270637408568443,0.6863347674656832,0.44932079414838033,0.38270846138086456,0.0,3785,957
purged_embargoed,20,global_max,0,6,0.29571577847439917,0.463019872976849,0.44932079414838033,0.38270846138086456,0.0,3785,957
purged_embargoed,20,train_only,0,6,0.2852664576802508,0.6541692276172916,0.44932079414838033,0.38270846138086456,0.0,3785,957
purged_embargoed,20,global_max,0,7,0.2612330198537095,0.5429215324728539,0.44932079414838033,0.38270846138086456,0.0,3785,957
purged_embargoed,20,train_only,0,7,0.2716823406478579,0.6894079082155296,0.44932079414838033,0.38270846138086456,0.0,3785,957
purged_embargoed,20,global_max,0,8,0.30303030303030304,0.6609301372669535,0.44932079414838033,0.38270846138086456,0.0,3785,957
purged_embargoed,20,train_only,0,8,0.3458725182863114,0.6951444376152428,0.44932079414838033,0.38270846138086456,0.0,3785,957
purged_embargoed,20,global_max,0,9,0.31974921630094044,0.6683056750665847,0.44932079414838033,0.38270846138086456,0.0,3785,957
purged_embargoed,20,train_only,0,9,0.38662486938349006,0.6980127023150994,0.44932079414838033,0.38270846138086456,0.0,3785,957
random_split,5,global_max,0,0,0.5428571428571428,0.5641339869281046,0.5387755102040817,0.5465686274509803,1.0,3916,980
random_split,5,train_only,0,0,0.5520408163265306,0.5861928104575164,0.5387755102040817,0.5465686274509803,1.0,3916,980
random_split,5,global_max,0,1,0.5071428571428571,0.5559640522875817,0.5591836734693878,0.5465686274509803,1.0,3916,980
random_split,5,train_only,0,1,0.5510204081632653,0.5988562091503268,0.5591836734693878,0.5465686274509803,1.0,3916,980
random_split,5,global_max,0,2,0.5204081632653061,0.5720996732026143,0.539795918367347,0.5465686274509803,1.0,3916,980
random_split,5,train_only,0,2,0.5346938775510204,0.5796568627450981,0.539795918367347,0.5465686274509803,1.0,3916,980
random_split,5,global_max,0,3,0.5428571428571428,0.5645424836601307,0.5316326530612245,0.5465686274509803,1.0,3916,980
random_split,5,train_only,0,3,0.5040816326530613,0.571078431372549,0.5316326530612245,0.5465686274509803,1.0,3916,980
random_split,5,global_max,0,4,0.5591836734693878,0.5629084967320261,0.5612244897959183,0.5465686274509803,1.0,3916,980
random_split,5,train_only,0,4,0.5193877551020408,0.5537173202614379,0.5612244897959183,0.5465686274509803,1.0,3916,980
random_split,5,global_max,0,5,0.536734693877551,0.5486111111111112,0.536734693877551,0.5465686274509803,1.0,3916,980
random_split,5,train_only,0,5,0.5295918367346939,0.5635212418300654,0.536734693877551,0.5465686274509803,1.0,3916,980
random_split,5,global_max,0,6,0.5224489795918368,0.5529003267973857,0.5479591836734694,0.5465686274509803,1.0,3916,980
random_split,5,train_only,0,6,0.5530612244897959,0.5910947712418301,0.5479591836734694,0.5465686274509803,1.0,3916,980
random_split,5,global_max,0,7,0.5265306122448979,0.5706699346405228,0.5285714285714286,0.5465686274509803,1.0,3916,980
random_split,5,train_only,0,7,0.5520408163265306,0.6049836601307189,0.5285714285714286,0.5465686274509803,1.0,3916,980
random_split,5,global_max,0,8,0.5387755102040817,0.5524918300653595,0.5387755102040817,0.5465686274509803,1.0,3916,980
random_split,5,train_only,0,8,0.536734693877551,0.5870098039215687,0.5387755102040817,0.5465686274509803,1.0,3916,980
random_split,5,global_max,0,9,0.55,0.5488153594771242,0.5530612244897959,0.5465686274509803,1.0,3916,980
random_split,5,train_only,0,9,0.5448979591836735,0.5802696078431373,0.5530612244897959,0.5465686274509803,1.0,3916,980
random_split,10,global_max,0,0,0.5638406537282942,0.6260478429768963,0.4198161389172625,0.40298507462686567,1.0,3912,979
random_split,10,train_only,0,0,0.5219611848825332,0.567573093436925,0.4198161389172625,0.40298507462686567,1.0,3912,979
random_split,10,global_max,0,1,0.5965270684371808,0.632590472296054,0.37589376915219613,0.40298507462686567,1.0,3912,979
random_split,10,train_only,0,1,0.5607763023493361,0.6078511551829892,0.37589376915219613,0.40298507462686567,1.0,3912,979
random_split,10,global_max,0,2,0.5280898876404494,0.5845430382334901,0.4065372829417773,0.40298507462686567,1.0,3912,979
random_split,10,train_only,0,2,0.5321756894790602,0.5710488652627275,0.4065372829417773,0.40298507462686567,1.0,3912,979
random_split,10,global_max,0,3,0.5842696629213483,0.6344305867920671,0.39734422880490294,0.40298507462686567,1.0,3912,979
random_split,10,train_only,0,3,0.6639427987742594,0.703946023308117,0.39734422880490294,0.40298507462686567,1.0,3912,979
random_split,10,global_max,0,4,0.5863125638406538,0.6497648742588428,0.41164453524004085,0.40298507462686567,1.0,3912,979
random_split,10,train_only,0,4,0.6261491317671093,0.7031281946432223,0.41164453524004085,0.40298507462686567,1.0,3912,979
random_split,10,global_max,0,5,0.5607763023493361,0.5961970967082396,0.39938712972420837,0.40298507462686567,1.0,3912,979
random_split,10,train_only,0,5,0.6384065372829418,0.6667348190554079,0.39938712972420837,0.40298507462686567,1.0,3912,979
random_split,10,global_max,0,6,0.5536261491317671,0.5904722960539767,0.4198161389172625,0.40298507462686567,1.0,3912,979
random_split,10,train_only,0,6,0.6802860061287027,0.753220200368023,0.4198161389172625,0.40298507462686567,1.0,3912,979
random_split,10,global_max,0,7,0.5056179775280899,0.5626661214475568,0.3881511746680286,0.40298507462686567,1.0,3912,979
random_split,10,train_only,0,7,0.651685393258427,0.7139644244530771,0.3881511746680286,0.40298507462686567,1.0,3912,979
random_split,10,global_max,0,8,0.6108273748723186,0.6804334491923942,0.4136874361593463,0.40298507462686567,1.0,3912,979
random_split,10,train_only,0,8,0.5372829417773238,0.5716622367613985,0.4136874361593463,0.40298507462686567,1.0,3912,979
random_split,10,global_max,0,9,0.38100102145045966,0.3866285013289716,0.40551583248212464,0.40298507462686567,1.0,3912,979
random_split,10,train_only,0,9,0.6128702757916241,0.654671846248211,0.40551583248212464,0.40298507462686567,1.0,3912,979
random_split,20,global_max,0,0,0.5598771750255885,0.587379635320631,0.3705220061412487,0.38270846138086456,1.0,3904,977
random_split,20,train_only,0,0,0.7645854657113613,0.7625486580618726,0.3705220061412487,0.38270846138086456,1.0,3904,977
random_split,20,global_max,0,1,0.6642784032753326,0.7180905552140955,0.3858751279426817,0.38270846138086456,1.0,3904,977
random_split,20,train_only,0,1,0.736949846468782,0.7744314689612785,0.3858751279426817,0.38270846138086456,1.0,3904,977
random_split,20,global_max,0,2,0.7011258955987717,0.7230075804138496,0.37768679631525076,0.38270846138086456,1.0,3904,977
random_split,20,train_only,0,2,0.7574206755373593,0.7797582462610121,0.37768679631525076,0.38270846138086456,1.0,3904,977
random_split,20,global_max,0,3,0.691914022517912,0.7217783241139111,0.36438075742067555,0.38270846138086456,1.0,3904,977
random_split,20,train_only,0,3,0.6417604912998977,0.6617496414669125,0.36438075742067555,0.38270846138086456,1.0,3904,977
random_split,20,global_max,0,4,0.6284544524053224,0.7080516287645974,0.3633572159672467,0.38270846138086456,1.0,3904,977
random_split,20,train_only,0,4,0.7584442169907881,0.8039336201598033,0.3633572159672467,0.38270846138086456,1.0,3904,977
random_split,20,global_max,0,5,0.6141248720573184,0.6261012087686949,0.3766632548618219,0.38270846138086456,1.0,3904,977
random_split,20,train_only,0,5,0.7482088024564995,0.7768899815611555,0.3766632548618219,0.38270846138086456,1.0,3904,977
random_split,20,global_max,0,6,0.6427840327533265,0.677320221266134,0.37563971340839303,0.38270846138086456,1.0,3904,977
random_split,20,train_only,0,6,0.7676560900716479,0.8084408932595779,0.37563971340839303,0.38270846138086456,1.0,3904,977
random_split,20,global_max,0,7,0.7082906857727738,0.7449293177627535,0.4002047082906858,0.38270846138086456,1.0,3904,977
random_split,20,train_only,0,7,0.7226202661207779,0.7695144437615242,0.4002047082906858,0.38270846138086456,1.0,3904,977
random_split,20,global_max,0,8,0.5496417604912999,0.5720139315713993,0.40122824974411464,0.38270846138086456,1.0,3904,977
random_split,20,train_only,0,8,0.7175025588536336,0.7475927064126203,0.40122824974411464,0.38270846138086456,1.0,3904,977
random_split,20,global_max,0,9,0.586489252814739,0.6242573243187871,0.39508700102354144,0.38270846138086456,1.0,3904,977
random_split,20,train_only,0,9,0.6960081883316275,0.717680803114116,0.39508700102354144,0.38270846138086456,1.0,3904,977
chronological,5,global_max,1,0,0.5061224489795918,0.5747549019607843,0.5336734693877551,0.5449346405228758,0.10612244897959183,3916,980
chronological,5,train_only,1,0,0.49489795918367346,0.6029411764705882,0.5336734693877551,0.5449346405228758,0.10612244897959183,3916,980
chronological,5,global_max,1,1,0.5357142857142857,0.5473856209150327,0.5336734693877551,0.5449346405228758,0.10612244897959183,3916,980
chronological,5,train_only,1,1,0.5112244897959184,0.5694444444444444,0.5336734693877551,0.5449346405228758,0.10612244897959183,3916,980
chronological,5,global_max,1,2,0.5346938775510204,0.5459558823529411,0.5336734693877551,0.5449346405228758,0.10612244897959183,3916,980
chronological,5,train_only,1,2,0.4846938775510204,0.6078431372549019,0.5336734693877551,0.5449346405228758,0.10612244897959183,3916,980
chronological,5,global_max,1,3,0.4142857142857143,0.5522875816993464,0.5336734693877551,0.5449346405228758,0.10612244897959183,3916,980
chronological,5,train_only,1,3,0.42857142857142855,0.5465686274509803,0.5336734693877551,0.5449346405228758,0.10612244897959183,3916,980
chronological,5,global_max,1,4,0.5275510204081633,0.5535130718954249,0.5336734693877551,0.5449346405228758,0.10612244897959183,3916,980
chronological,5,train_only,1,4,0.49081632653061225,0.5727124183006536,0.5336734693877551,0.5449346405228758,0.10612244897959183,3916,980
chronological,5,global_max,1,5,0.49489795918367346,0.5600490196078431,0.5336734693877551,0.5449346405228758,0.10612244897959183,3916,980
chronological,5,train_only,1,5,0.4561224489795918,0.5935457516339869,0.5336734693877551,0.5449346405228758,0.10612244897959183,3916,980
chronological,5,global_max,1,6,0.4959183673469388,0.5543300653594772,0.5336734693877551,0.5449346405228758,0.10612244897959183,3916,980
chronological,5,train_only,1,6,0.4775510204081633,0.6264297385620915,0.5336734693877551,0.5449346405228758,0.10612244897959183,3916,980
chronological,5,global_max,1,7,0.42959183673469387,0.5279820261437909,0.5336734693877551,0.5449346405228758,0.10612244897959183,3916,980
chronological,5,train_only,1,7,0.4642857142857143,0.6243872549019608,0.5336734693877551,0.5449346405228758,0.10612244897959183,3916,980
chronological,5,global_max,1,8,0.5091836734693878,0.5727124183006536,0.5336734693877551,0.5449346405228758,0.10612244897959183,3916,980
chronological,5,train_only,1,8,0.4642857142857143,0.6211192810457516,0.5336734693877551,0.5449346405228758,0.10612244897959183,3916,980
chronological,5,global_max,1,9,0.5326530612244897,0.5475898692810458,0.5336734693877551,0.5449346405228758,0.10612244897959183,3916,980
chronological,5,train_only,1,9,0.46530612244897956,0.6096813725490197,0.5336734693877551,0.5449346405228758,0.10612244897959183,3916,980
chronological,10,global_max,1,0,0.35444330949948927,0.4960130852586383,0.37589376915219613,0.3931711306481292,0.11133810010214505,3912,979
chronological,10,train_only,1,0,0.3472931562819203,0.6618278470660397,0.37589376915219613,0.3931711306481292,0.11133810010214505,3912,979
chronological,10,global_max,1,1,0.36670071501532175,0.618074013494173,0.37589376915219613,0.3931711306481292,0.11133810010214505,3912,979
chronological,10,train_only,1,1,0.2941777323799796,0.6072377836843181,0.37589376915219613,0.3931711306481292,0.11133810010214505,3912,979
chronological,10,global_max,1,2,0.33299284984678246,0.6004906971989368,0.37589376915219613,0.3931711306481292,0.11133810010214505,3912,979
chronological,10,train_only,1,2,0.3585291113381001,0.6430177877734614,0.37589376915219613,0.3931711306481292,0.11133810010214505,3912,979
chronological,10,global_max,1,3,0.33605720122574056,0.554896749131057,0.37589376915219613,0.3931711306481292,0.11133810010214505,3912,979
chronological,10,train_only,1,3,0.3003064351378958,0.6377019014516458,0.37589376915219613,0.3931711306481292,0.11133810010214505,3912,979
chronological,10,global_max,1,4,0.3350357507660878,0.5303618891842159,0.37589376915219613,0.3931711306481292,0.11133810010214505,3912,979
chronological,10,train_only,1,4,0.3626149131767109,0.5626661214475568,0.37589376915219613,0.3931711306481292,0.11133810010214505,3912,979
chronological,10,global_max,1,5,0.33707865168539325,0.5810672664076876,0.37589376915219613,0.3931711306481292,0.11133810010214505,3912,979
chronological,10,train_only,1,5,0.3105209397344229,0.6293191576364752,0.37589376915219613,0.3931711306481292,0.11133810010214505,3912,979
chronological,10,global_max,1,6,0.34627170582226763,0.6154160703332652,0.37589376915219613,0.3931711306481292,0.11133810010214505,3912,979
chronological,10,train_only,1,6,0.32482124616956076,0.6626456757309344,0.37589376915219613,0.3931711306481292,0.11133810010214505,3912,979
chronological,10,global_max,1,7,0.3421859039836568,0.6246166428133306,0.37589376915219613,0.3931711306481292,0.11133810010214505,3912,979
chronological,10,train_only,1,7,0.3289070480081716,0.6195052136577387,0.37589376915219613,0.3931711306481292,0.11133810010214505,3912,979
chronological,10,global_max,1,8,0.3575076608784474,0.583316295236148,0.37589376915219613,0.3931711306481292,0.11133810010214505,3912,979
chronological,10,train_only,1,8,0.2992849846782431,0.662236761398487,0.37589376915219613,0.3931711306481292,0.11133810010214505,3912,979
chronological,10,global_max,1,9,0.31562819203268644,0.5058270292373748,0.37589376915219613,0.3931711306481292,0.11133810010214505,3912,979
chronological,10,train_only,1,9,0.3585291113381001,0.6321815579636066,0.37589376915219613,0.3931711306481292,0.11133810010214505,3912,979
chronological,20,global_max,1,0,0.37768679631525076,0.6351157549682442,0.4104401228249744,0.38414259373079285,0.1218014329580348,3904,977
chronological,20,train_only,1,0,0.3490276356192426,0.7135832821143209,0.4104401228249744,0.38414259373079285,0.1218014329580348,3904,977
chronological,20,global_max,1,1,0.33572159672466734,0.6752714607662365,0.4104401228249744,0.38414259373079285,0.1218014329580348,3904,977
chronological,20,train_only,1,1,0.38996929375639716,0.6767055931161647,0.4104401228249744,0.38414259373079285,0.1218014329580348,3904,977
chronological,20,global_max,1,2,0.368474923234391,0.6517107150174145,0.4104401228249744,0.38414259373079285,0.1218014329580348,3904,977
chronological,20,train_only,1,2,0.3930399181166837,0.6812128662159393,0.4104401228249744,0.38414259373079285,0.1218014329580348,3904,977
chronological,20,global_max,1,3,0.3623336745138178,0.6896127842655193,0.4104401228249744,0.38414259373079285,0.1218014329580348,3904,977
chronological,20,train_only,1,3,0.3101330603889457,0.5927064126203647,0.4104401228249744,0.38414259373079285,0.1218014329580348,3904,977
chronological,20,global_max,1,4,0.3336745138178096,0.6631837738168408,0.4104401228249744,0.38414259373079285,0.1218014329580348,3904,977
chronological,20,train_only,1,4,0.3592630501535312,0.5896332718705183,0.4104401228249744,0.38414259373079285,0.1218014329580348,3904,977
chronological,20,global_max,1,5,0.3172978505629478,0.6164720344191764,0.4104401228249744,0.38414259373079285,0.1218014329580348,3904,977
chronological,20,train_only,1,5,0.29273285568065505,0.6566277402171686,0.4104401228249744,0.38414259373079285,0.1218014329580348,3904,977
chronological,20,global_max,1,6,0.33879222108495394,0.6832616267158369,0.4104401228249744,0.38414259373079285,0.1218014329580348,3904,977
chronological,20,train_only,1,6,0.3500511770726714,0.6836713788158164,0.4104401228249744,0.38414259373079285,0.1218014329580348,3904,977
chronological,20,global_max,1,7,0.3797338792221085,0.690842040565458,0.4104401228249744,0.38414259373079285,0.1218014329580348,3904,977
chronological,20,train_only,1,7,0.37768679631525076,0.7113296455644336,0.4104401228249744,0.38414259373079285,0.1218014329580348,3904,977
chronological,20,global_max,1,8,0.3254861821903787,0.6906371645154682,0.4104401228249744,0.38414259373079285,0.1218014329580348,3904,977
chronological,20,train_only,1,8,0.323439099283521,0.7113296455644336,0.4104401228249744,0.38414259373079285,0.1218014329580348,3904,977
chronological,20,global_max,1,9,0.41760491299897645,0.6783446015160828,0.4104401228249744,0.38414259373079285,0.1218014329580348,3904,977
chronological,20,train_only,1,9,0.390992835209826,0.7113296455644336,0.4104401228249744,0.38414259373079285,0.1218014329580348,3904,977
purged_embargoed,5,global_max,1,0,0.4666666666666667,0.5737336601307189,0.5323076923076923,0.5449346405228758,0.0,3812,975
purged_embargoed,5,train_only,1,0,0.47794871794871796,0.6154003267973857,0.5323076923076923,0.5449346405228758,0.0,3812,975
purged_embargoed,5,global_max,1,1,0.521025641025641,0.5602532679738562,0.5323076923076923,0.5449346405228758,0.0,3812,975
purged_embargoed,5,train_only,1,1,0.4594871794871795,0.5896650326797386,0.5323076923076923,0.5449346405228758,0.0,3812,975
purged_embargoed,5,global_max,1,2,0.5015384615384615,0.5616830065359477,0.5323076923076923,0.5449346405228758,0.0,3812,975
purged_embargoed,5,train_only,1,2,0.4748717948717949,0.6064133986928104,0.5323076923076923,0.5449346405228758,0.0,3812,975
purged_embargoed,5,global_max,1,3,0.5333333333333333,0.5553513071895425,0.5323076923076923,0.5449346405228758,0.0,3812,975
purged_embargoed,5,train_only,1,3,0.49846153846153846,0.5778186274509803,0.5323076923076923,0.5449346405228758,0.0,3812,975
purged_embargoed,5,global_max,1,4,0.49333333333333335,0.5696486928104575,0.5323076923076923,0.5449346405228758,0.0,3812,975
purged_embargoed,5,train_only,1,4,0.40102564102564103,0.5563725490196079,0.5323076923076923,0.5449346405228758,0.0,3812,975
purged_embargoed,5,global_max,1,5,0.4646153846153846,0.5720996732026143,0.5323076923076923,0.5449346405228758,0.0,3812,975
purged_embargoed,5,train_only,1,5,0.4707692307692308,0.605187908496732,0.5323076923076923,0.5449346405228758,0.0,3812,975
purged_embargoed,5,global_max,1,6,0.49333333333333335,0.5941584967320261,0.5323076923076923,0.5449346405228758,0.0,3812,975
purged_embargoed,5,train_only,1,6,0.4328205128205128,0.5949754901960784,0.5323076923076923,0.5449346405228758,0.0,3812,975
purged_embargoed,5,global_max,1,7,0.5035897435897436,0.5637254901960784,0.5323076923076923,0.5449346405228758,0.0,3812,975
purged_embargoed,5,train_only,1,7,0.4574358974358974,0.5992647058823529,0.5323076923076923,0.5449346405228758,0.0,3812,975
purged_embargoed,5,global_max,1,8,0.5107692307692308,0.5637254901960784,0.5323076923076923,0.5449346405228758,0.0,3812,975
purged_embargoed,5,train_only,1,8,0.4328205128205128,0.6264297385620915,0.5323076923076923,0.5449346405228758,0.0,3812,975
purged_embargoed,5,global_max,1,9,0.4492307692307692,0.542687908496732,0.5323076923076923,0.5449346405228758,0.0,3812,975
purged_embargoed,5,train_only,1,9,0.40923076923076923,0.5943627450980392,0.5323076923076923,0.5449346405228758,0.0,3812,975
purged_embargoed,10,global_max,1,0,0.347781217750258,0.6193007564915151,0.3797729618163055,0.3931711306481292,0.0,3803,969
purged_embargoed,10,train_only,1,0,0.37254901960784315,0.6653036188918422,0.3797729618163055,0.3931711306481292,0.0,3803,969
purged_embargoed,10,global_max,1,1,0.35294117647058826,0.6072377836843181,0.3797729618163055,0.3931711306481292,0.0,3803,969
purged_embargoed,10,train_only,1,1,0.3157894736842105,0.6317726436311593,0.3797729618163055,0.3931711306481292,0.0,3803,969
purged_embargoed,10,global_max,1,2,0.3498452012383901,0.618687384992844,0.3797729618163055,0.3931711306481292,0.0,3803,969
purged_embargoed,10,train_only,1,2,0.32507739938080493,0.5428337763238602,0.3797729618163055,0.3931711306481292,0.0,3803,969
purged_embargoed,10,global_max,1,3,0.33436532507739936,0.6051932120220814,0.3797729618163055,0.3931711306481292,0.0,3803,969
purged_embargoed,10,train_only,1,3,0.30340557275541796,0.6460846452668166,0.3797729618163055,0.3931711306481292,0.0,3803,969
purged_embargoed,10,global_max,1,4,0.33436532507739936,0.5614393784502146,0.3797729618163055,0.3931711306481292,0.0,3803,969
purged_embargoed,10,train_only,1,4,0.3013415892672859,0.5767736659169904,0.3797729618163055,0.3931711306481292,0.0,3803,969
purged_embargoed,10,global_max,1,5,0.3075335397316821,0.5872009813943979,0.3797729618163055,0.3931711306481292,0.0,3803,969
purged_embargoed,10,train_only,1,5,0.34674922600619196,0.6620323042322633,0.3797729618163055,0.3931711306481292,0.0,3803,969
purged_embargoed,10,global_max,1,6,0.36016511867905054,0.5976282968718054,0.3797729618163055,0.3931711306481292,0.0,3803,969
purged_embargoed,10,train_only,1,6,0.36016511867905054,0.6536495604170927,0.3797729618163055,0.3931711306481292,0.0,3803,969
purged_embargoed,10,global_max,1,7,0.30959752321981426,0.6062154978531997,0.3797729618163055,0.3931711306481292,0.0,3803,969
purged_embargoed,10,train_only,1,7,0.3157894736842105,0.6614189327335923,0.3797729618163055,0.3931711306481292,0.0,3803,969
purged_embargoed,10,global_max,1,8,0.34881320949432404,0.5941525250460029,0.3797729618163055,0.3931711306481292,0.0,3803,969
purged_embargoed,10,train_only,1,8,0.3013415892672859,0.6282968718053568,0.3797729618163055,0.3931711306481292,0.0,3803,969
purged_embargoed,10,global_max,1,9,0.34055727554179566,0.611735841341239,0.3797729618163055,0.3931711306481292,0.0,3803,969
purged_embargoed,10,train_only,1,9,0.36016511867905054,0.6706195052136578,0.3797729618163055,0.3931711306481292,0.0,3803,969
purged_embargoed,20,global_max,1,0,0.29258098223615464,0.4619954927269002,0.41901776384535006,0.38414259373079285,0.0,3785,957
purged_embargoed,20,train_only,1,0,0.3333333333333333,0.6863347674656832,0.41901776384535006,0.38414259373079285,0.0,3785,957
purged_embargoed,20,global_max,1,1,0.3939393939393939,0.6635935259168203,0.41901776384535006,0.38414259373079285,0.0,3785,957
purged_embargoed,20,train_only,1,1,0.3793103448275862,0.6992419586150379,0.41901776384535006,0.38414259373079285,0.0,3785,957
purged_embargoed,20,global_max,1,2,0.32497387669801464,0.6541692276172916,0.41901776384535006,0.38414259373079285,0.0,3785,957
purged_embargoed,20,train_only,1,2,0.3385579937304075,0.6687154271665642,0.41901776384535006,0.38414259373079285,0.0,3785,957
purged_embargoed,20,global_max,1,3,0.30407523510971785,0.5691456668715427,0.41901776384535006,0.38414259373079285,0.0,3785,957
purged_embargoed,20,train_only,1,3,0.3375130616509927,0.6863347674656832,0.41901776384535006,0.38414259373079285,0.0,3785,957
purged_embargoed,20,global_max,1,4,0.2998955067920585,0.6590862528170457,0.41901776384535006,0.38414259373079285,0.0,3785,957
purged_embargoed,20,train_only,1,4,0.3207941483803553,0.6433107969678344,0.41901776384535006,0.38414259373079285,0.0,3785,957
purged_embargoed,20,global_max,1,5,0.3322884012539185,0.5488629379225568,0.41901776384535006,0.38414259373079285,0.0,3785,957
purged_embargoed,20,train_only,1,5,0.32497387669801464,0.6740422044662979,0.41901776384535006,0.38414259373079285,0.0,3785,957
purged_embargoed,20,global_max,1,6,0.29258098223615464,0.5318582257734071,0.41901776384535006,0.38414259373079285,0.0,3785,957
purged_embargoed,20,train_only,1,6,0.4179728317659352,0.7219832001639008,0.41901776384535006,0.38414259373079285,0.0,3785,957
purged_embargoed,20,global_max,1,7,0.33646812957157785,0.6576521204671174,0.41901776384535006,0.38414259373079285,0.0,3785,957
purged_embargoed,20,train_only,1,7,0.3437826541274817,0.4347469780782626,0.41901776384535006,0.38414259373079285,0.0,3785,957
purged_embargoed,20,global_max,1,8,0.3991640543364681,0.6154476541692276,0.41901776384535006,0.38414259373079285,0.0,3785,957
purged_embargoed,20,train_only,1,8,0.3458725182863114,0.6664617906166769,0.41901776384535006,0.38414259373079285,0.0,3785,957
purged_embargoed,20,global_max,1,9,0.3375130616509927,0.6695349313665232,0.41901776384535006,0.38414259373079285,0.0,3785,957
purged_embargoed,20,train_only,1,9,0.335423197492163,0.7027248514648637,0.41901776384535006,0.38414259373079285,0.0,3785,957
random_split,5,global_max,1,0,0.5448979591836735,0.5898692810457516,0.5479591836734694,0.5449346405228758,1.0,3916,980
random_split,5,train_only,1,0,0.5704081632653061,0.6262254901960784,0.5479591836734694,0.5449346405228758,1.0,3916,980
random_split,5,global_max,1,1,0.5163265306122449,0.5545343137254902,0.5479591836734694,0.5449346405228758,1.0,3916,980
random_split,5,train_only,1,1,0.5448979591836735,0.5639297385620915,0.5479591836734694,0.5449346405228758,1.0,3916,980
random_split,5,global_max,1,2,0.5357142857142857,0.5635212418300654,0.5377551020408163,0.5449346405228758,1.0,3916,980
random_split,5,train_only,1,2,0.536734693877551,0.5706699346405228,0.5377551020408163,0.5449346405228758,1.0,3916,980
random_split,5,global_max,1,3,0.5204081632653061,0.5494281045751634,0.5214285714285715,0.5449346405228758,1.0,3916,980
random_split,5,train_only,1,3,0.5326530612244897,0.5649509803921569,0.5214285714285715,0.5449346405228758,1.0,3916,980
random_split,5,global_max,1,4,0.5448979591836735,0.5737336601307189,0.5418367346938775,0.5449346405228758,1.0,3916,980
random_split,5,train_only,1,4,0.5357142857142857,0.5821078431372549,0.5418367346938775,0.5449346405228758,1.0,3916,980
random_split,5,global_max,1,5,0.4897959183673469,0.5520833333333334,0.5275510204081633,0.5449346405228758,1.0,3916,980
random_split,5,train_only,1,5,0.49183673469387756,0.5547385620915033,0.5275510204081633,0.5449346405228758,1.0,3916,980
random_split,5,global_max,1,6,0.5581632653061225,0.5704656862745098,0.5418367346938775,0.5449346405228758,1.0,3916,980
random_split,5,train_only,1,6,0.503061224489796,0.5471813725490197,0.5418367346938775,0.5449346405228758,1.0,3916,980
random_split,5,global_max,1,7,0.5448979591836735,0.5651552287581699,0.536734693877551,0.5449346405228758,1.0,3916,980
random_split,5,train_only,1,7,0.5326530612244897,0.5737336601307189,0.536734693877551,0.5449346405228758,1.0,3916,980
random_split,5,global_max,1,8,0.5561224489795918,0.5661764705882353,0.5459183673469388,0.5449346405228758,1.0,3916,980
random_split,5,train_only,1,8,0.5142857142857142,0.5706699346405228,0.5459183673469388,0.5449346405228758,1.0,3916,980
random_split,5,global_max,1,9,0.5244897959183673,0.5590277777777778,0.5377551020408163,0.5449346405228758,1.0,3916,980
random_split,5,train_only,1,9,0.5438775510204081,0.5835375816993464,0.5377551020408163,0.5449346405228758,1.0,3916,980
random_split,10,global_max,1,0,0.59244126659857,0.6661214475567369,0.3840653728294178,0.3931711306481292,1.0,3912,979
random_split,10,train_only,1,0,0.6373850868232891,0.6820691065221836,0.3840653728294178,0.3931711306481292,1.0,3912,979
random_split,10,global_max,1,1,0.5842696629213483,0.6473113882641587,0.39427987742594484,0.3931711306481292,1.0,3912,979
random_split,10,train_only,1,1,0.6220633299284984,0.6990390513187488,0.39427987742594484,0.3931711306481292,1.0,3912,979
random_split,10,global_max,1,2,0.5301327885597549,0.5794316090778981,0.3738508682328907,0.3931711306481292,1.0,3912,979
random_split,10,train_only,1,2,0.6210418794688458,0.685544878347986,0.3738508682328907,0.3931711306481292,1.0,3912,979
random_split,10,global_max,1,3,0.54341164453524,0.6121447556736863,0.39325842696629215,0.3931711306481292,1.0,3912,979
random_split,10,train_only,1,3,0.5699693564862104,0.6503782457575138,0.39325842696629215,0.3931711306481292,1.0,3912,979
random_split,10,global_max,1,4,0.501532175689479,0.5520343488039255,0.40960163432073543,0.3931711306481292,1.0,3912,979
random_split,10,train_only,1,4,0.6373850868232891,0.691269679002249,0.40960163432073543,0.3931711306481292,1.0,3912,979
random_split,10,global_max,1,5,0.5842696629213483,0.6399509302801063,0.39121552604698673,0.3931711306481292,1.0,3912,979
random_split,10,train_only,1,5,0.5423901940755873,0.5816806379063586,0.39121552604698673,0.3931711306481292,1.0,3912,979
random_split,10,global_max,1,6,0.5597548518896833,0.6002862400327131,0.4279877425944842,0.3931711306481292,1.0,3912,979
random_split,10,train_only,1,6,0.5955056179775281,0.6123492128399101,0.4279877425944842,0.3931711306481292,1.0,3912,979
random_split,10,global_max,1,7,0.627170582226762,0.6724596197096708,0.3953013278855976,0.3931711306481292,1.0,3912,979
random_split,10,train_only,1,7,0.6404494382022472,0.7041504804743406,0.3953013278855976,0.3931711306481292,1.0,3912,979
random_split,10,global_max,1,8,0.5413687436159347,0.6280924146391331,0.4198161389172625,0.3931711306481292,1.0,3912,979
random_split,10,train_only,1,8,0.5955056179775281,0.662236761398487,0.4198161389172625,0.3931711306481292,1.0,3912,979
random_split,10,global_max,1,9,0.5730337078651685,0.6399509302801063,0.38508682328907046,0.3931711306481292,1.0,3912,979
random_split,10,train_only,1,9,0.6251276813074566,0.6951543651604989,0.38508682328907046,0.3931711306481292,1.0,3912,979
random_split,20,global_max,1,0,0.6376663254861822,0.6816226183159189,0.4022517911975435,0.38414259373079285,1.0,3904,977
random_split,20,train_only,1,0,0.6745138178096213,0.7160417947141979,0.4022517911975435,0.38414259373079285,1.0,3904,977
random_split,20,global_max,1,1,0.6908904810644831,0.7119442737144028,0.3766632548618219,0.38414259373079285,1.0,3904,977
random_split,20,train_only,1,1,0.7430910951893551,0.7727924605613604,0.3766632548618219,0.38414259373079285,1.0,3904,977
random_split,20,global_max,1,2,0.7001023541453428,0.7611145257119443,0.3623336745138178,0.38414259373079285,1.0,3904,977
random_split,20,train_only,1,2,0.7011258955987717,0.7691046916615447,0.3623336745138178,0.38414259373079285,1.0,3904,977
random_split,20,global_max,1,3,0.7123848515864892,0.7447244417127638,0.4022517911975435,0.38414259373079285,1.0,3904,977
random_split,20,train_only,1,3,0.6806550665301945,0.7094857611145257,0.4022517911975435,0.38414259373079285,1.0,3904,977
random_split,20,global_max,1,4,0.6366427840327533,0.6535545994673223,0.4124872057318321,0.38414259373079285,1.0,3904,977
random_split,20,train_only,1,4,0.6980552712384852,0.7039541077648023,0.4124872057318321,0.38414259373079285,1.0,3904,977
random_split,20,global_max,1,5,0.6970317297850563,0.734480639213276,0.38178096212896623,0.38414259373079285,1.0,3904,977
random_split,20,train_only,1,5,0.6806550665301945,0.720139315713993,0.38178096212896623,0.38414259373079285,1.0,3904,977
random_split,20,global_max,1,6,0.5066530194472876,0.5242778119237861,0.37768679631525076,0.38414259373079285,1.0,3904,977
random_split,20,train_only,1,6,0.7134083930399181,0.7508707232124565,0.37768679631525076,0.38414259373079285,1.0,3904,977
random_split,20,global_max,1,7,0.6325486182190379,0.6646179061667691,0.37461617195496416,0.38414259373079285,1.0,3904,977
random_split,20,train_only,1,7,0.7195496417604913,0.7480024585125998,0.37461617195496416,0.38414259373079285,1.0,3904,977
random_split,20,global_max,1,8,0.7011258955987717,0.7365293997131735,0.38178096212896623,0.38414259373079285,1.0,3904,977
random_split,20,train_only,1,8,0.7338792221084954,0.7824216349108789,0.38178096212896623,0.38414259373079285,1.0,3904,977
random_split,20,global_max,1,9,0.7052200614124872,0.7508707232124565,0.37768679631525076,0.38414259373079285,1.0,3904,977
random_split,20,train_only,1,9,0.7175025588536336,0.7508707232124565,0.37768679631525076,0.38414259373079285,1.0,3904,977
chronological,5,global_max,2,0,0.536734693877551,0.5639297385620915,0.5887755102040816,0.551062091503268,0.10612244897959183,3916,980
chronological,5,train_only,2,0,0.5387755102040817,0.5751633986928104,0.5887755102040816,0.551062091503268,0.10612244897959183,3916,980
chronological,5,global_max,2,1,0.5204081632653061,0.5870098039215687,0.5887755102040816,0.551062091503268,0.10612244897959183,3916,980
chronological,5,train_only,2,1,0.4806122448979592,0.6000816993464052,0.5887755102040816,0.551062091503268,0.10612244897959183,3916,980
chronological,5,global_max,2,2,0.5428571428571428,0.5810866013071896,0.5887755102040816,0.551062091503268,0.10612244897959183,3916,980
chronological,5,train_only,2,2,0.5295918367346939,0.5884395424836601,0.5887755102040816,0.551062091503268,0.10612244897959183,3916,980
chronological,5,global_max,2,3,0.4714285714285714,0.5870098039215687,0.5887755102040816,0.551062091503268,0.10612244897959183,3916,980
chronological,5,train_only,2,3,0.4306122448979592,0.5561683006535948,0.5887755102040816,0.551062091503268,0.10612244897959183,3916,980
chronological,5,global_max,2,4,0.5622448979591836,0.5819035947712419,0.5887755102040816,0.551062091503268,0.10612244897959183,3916,980
chronological,5,train_only,2,4,0.44081632653061226,0.5945669934640523,0.5887755102040816,0.551062091503268,0.10612244897959183,3916,980
chronological,5,global_max,2,5,0.4959183673469388,0.5723039215686274,0.5887755102040816,0.551062091503268,0.10612244897959183,3916,980
chronological,5,train_only,2,5,0.5346938775510204,0.5835375816993464,0.5887755102040816,0.551062091503268,0.10612244897959183,3916,980
chronological,5,global_max,2,6,0.5612244897959183,0.5816993464052288,0.5887755102040816,0.551062091503268,0.10612244897959183,3916,980
chronological,5,train_only,2,6,0.4857142857142857,0.5912990196078431,0.5887755102040816,0.551062091503268,0.10612244897959183,3916,980
chronological,5,global_max,2,7,0.5459183673469388,0.5765931372549019,0.5887755102040816,0.551062091503268,0.10612244897959183,3916,980
chronological,5,train_only,2,7,0.45816326530612245,0.5516748366013072,0.5887755102040816,0.551062091503268,0.10612244897959183,3916,980
chronological,5,global_max,2,8,0.5346938775510204,0.5676062091503268,0.5887755102040816,0.551062091503268,0.10612244897959183,3916,980
chronological,5,train_only,2,8,0.5112244897959184,0.6070261437908496,0.5887755102040816,0.551062091503268,0.10612244897959183,3916,980
chronological,5,global_max,2,9,0.5204081632653061,0.5884395424836601,0.5887755102040816,0.551062091503268,0.10612244897959183,3916,980
chronological,5,train_only,2,9,0.4489795918367347,0.5819035947712419,0.5887755102040816,0.551062091503268,0.10612244897959183,3916,980
chronological,10,global_max,2,0,0.4136874361593463,0.6074422408505418,0.4371807967313585,0.4003271314659579,0.11133810010214505,3912,979
chronological,10,train_only,2,0,0.33707865168539325,0.6131670415048047,0.4371807967313585,0.4003271314659579,0.11133810010214505,3912,979
chronological,10,global_max,2,1,0.37895812053115424,0.6150071560008178,0.4371807967313585,0.4003271314659579,0.11133810010214505,3912,979
chronological,10,train_only,2,1,0.31562819203268644,0.6280924146391331,0.4371807967313585,0.4003271314659579,0.11133810010214505,3912,979
chronological,10,global_max,2,2,0.3432073544433095,0.6070333265180945,0.4371807967313585,0.4003271314659579,0.11133810010214505,3912,979
chronological,10,train_only,2,2,0.33605720122574056,0.6469024739317113,0.4371807967313585,0.4003271314659579,0.11133810010214505,3912,979
chronological,10,global_max,2,3,0.33707865168539325,0.6162338989981598,0.4371807967313585,0.4003271314659579,0.11133810010214505,3912,979
chronological,10,train_only,2,3,0.34014300306435136,0.6726640768758945,0.4371807967313585,0.4003271314659579,0.11133810010214505,3912,979
chronological,10,global_max,2,4,0.3564862104187947,0.6301369863013698,0.4371807967313585,0.4003271314659579,0.11133810010214505,3912,979
chronological,10,train_only,2,4,0.32788559754851887,0.6362707012880802,0.4371807967313585,0.4003271314659579,0.11133810010214505,3912,979
chronological,10,global_max,2,5,0.31971399387129723,0.6084645266816602,0.4371807967313585,0.4003271314659579,0.11133810010214505,3912,979
chronological,10,train_only,2,5,0.34627170582226763,0.6060110406869761,0.4371807967313585,0.4003271314659579,0.11133810010214505,3912,979
chronological,10,global_max,2,6,0.33401430030643514,0.6272745859742384,0.4371807967313585,0.4003271314659579,0.11133810010214505,3912,979
chronological,10,train_only,2,6,0.3769152196118488,0.6620323042322633,0.4371807967313585,0.4003271314659579,0.11133810010214505,3912,979
chronological,10,global_max,2,7,0.3769152196118488,0.6260478429768963,0.4371807967313585,0.4003271314659579,0.11133810010214505,3912,979
chronological,10,train_only,2,7,0.3421859039836568,0.6851359640155388,0.4371807967313585,0.4003271314659579,0.11133810010214505,3912,979
chronological,10,global_max,2,8,0.3391215526046987,0.6027397260273972,0.4371807967313585,0.4003271314659579,0.11133810010214505,3912,979
chronological,10,train_only,2,8,0.3299284984678243,0.6483336740952771,0.4371807967313585,0.4003271314659579,0.11133810010214505,3912,979
chronological,10,global_max,2,9,0.2982635342185904,0.5714577795951749,0.4371807967313585,0.4003271314659579,0.11133810010214505,3912,979
chronological,10,train_only,2,9,0.3432073544433095,0.6785933346963811,0.4371807967313585,0.4003271314659579,0.11133810010214505,3912,979
chronological,20,global_max,2,0,0.39815762538382804,0.6685105511165744,0.40429887410440124,0.3652939971317353,0.1218014329580348,3904,977
chronological,20,train_only,2,0,0.3572159672466735,0.7000614628149969,0.40429887410440124,0.3652939971317353,0.1218014329580348,3904,977
chronological,20,global_max,2,1,0.4104401228249744,0.5599262446220037,0.40429887410440124,0.3652939971317353,0.1218014329580348,3904,977
chronological,20,train_only,2,1,0.2917093142272262,0.6683056750665847,0.40429887410440124,0.3652939971317353,0.1218014329580348,3904,977
chronological,20,global_max,2,2,0.3295803480040942,0.6668715427166564,0.40429887410440124,0.3652939971317353,0.1218014329580348,3904,977
chronological,20,train_only,2,2,0.323439099283521,0.4603564843269822,0.40429887410440124,0.3652939971317353,0.1218014329580348,3904,977
chronological,20,global_max,2,3,0.34493346980552714,0.5959844294202008,0.40429887410440124,0.3652939971317353,0.1218014329580348,3904,977
chronological,20,train_only,2,3,0.2896622313203685,0.5841016185207949,0.40429887410440124,0.3652939971317353,0.1218014329580348,3904,977
chronological,20,global_max,2,4,0.27021494370522003,0.6402376562179881,0.40429887410440124,0.3652939971317353,0.1218014329580348,3904,977
chronological,20,train_only,2,4,0.2773797338792221,0.7084613808645769,0.40429887410440124,0.3652939971317353,0.1218014329580348,3904,977
chronological,20,global_max,2,5,0.41146366427840325,0.5166973980741651,0.40429887410440124,0.3652939971317353,0.1218014329580348,3904,977
chronological,20,train_only,2,5,0.330603889457523,0.7309977463634502,0.40429887410440124,0.3652939971317353,0.1218014329580348,3904,977
chronological,20,global_max,2,6,0.39815762538382804,0.6752714607662365,0.40429887410440124,0.3652939971317353,0.1218014329580348,3904,977
chronological,20,train_only,2,6,0.2640736949846469,0.637779143618111,0.40429887410440124,0.3652939971317353,0.1218014329580348,3904,977
chronological,20,global_max,2,7,0.3091095189355169,0.5929112886703545,0.40429887410440124,0.3652939971317353,0.1218014329580348,3904,977
chronological,20,train_only,2,7,0.40736949846468784,0.6822372464658881,0.40429887410440124,0.3652939971317353,0.1218014329580348,3904,977
chronological,20,global_max,2,8,0.3060388945752303,0.4458102847777095,0.40429887410440124,0.3652939971317353,0.1218014329580348,3904,977
chronological,20,train_only,2,8,0.28249744114636643,0.6699446834665027,0.40429887410440124,0.3652939971317353,0.1218014329580348,3904,977
chronological,20,global_max,2,9,0.3797338792221085,0.6683056750665847,0.40429887410440124,0.3652939971317353,0.1218014329580348,3904,977
chronological,20,train_only,2,9,0.3132036847492323,0.6769104691661545,0.40429887410440124,0.3652939971317353,0.1218014329580348,3904,977
purged_embargoed,5,global_max,2,0,0.4882051282051282,0.5755718954248366,0.5866666666666667,0.551062091503268,0.0,3812,975
purged_embargoed,5,train_only,2,0,0.48,0.5857843137254902,0.5866666666666667,0.551062091503268,0.0,3812,975
purged_embargoed,5,global_max,2,1,0.49230769230769234,0.582312091503268,0.5866666666666667,0.551062091503268,0.0,3812,975
purged_embargoed,5,train_only,2,1,0.40512820512820513,0.5612745098039216,0.5866666666666667,0.551062091503268,0.0,3812,975
purged_embargoed,5,global_max,2,2,0.5046153846153846,0.5906862745098039,0.5866666666666667,0.551062091503268,0.0,3812,975
purged_embargoed,5,train_only,2,2,0.4123076923076923,0.5925245098039216,0.5866666666666667,0.551062091503268,0.0,3812,975
purged_embargoed,5,global_max,2,3,0.5025641025641026,0.5863970588235294,0.5866666666666667,0.551062091503268,0.0,3812,975
purged_embargoed,5,train_only,2,3,0.48,0.5974264705882353,0.5866666666666667,0.551062091503268,0.0,3812,975
purged_embargoed,5,global_max,2,4,0.5097435897435898,0.5808823529411765,0.5866666666666667,0.551062091503268,0.0,3812,975
purged_embargoed,5,train_only,2,4,0.4841025641025641,0.5974264705882353,0.5866666666666667,0.551062091503268,0.0,3812,975
purged_embargoed,5,global_max,2,5,0.5148717948717949,0.5561683006535948,0.5866666666666667,0.551062091503268,0.0,3812,975
purged_embargoed,5,train_only,2,5,0.556923076923077,0.5759803921568627,0.5866666666666667,0.551062091503268,0.0,3812,975
purged_embargoed,5,global_max,2,6,0.5446153846153846,0.5892565359477124,0.5866666666666667,0.551062091503268,0.0,3812,975
purged_embargoed,5,train_only,2,6,0.49846153846153846,0.5955882352941176,0.5866666666666667,0.551062091503268,0.0,3812,975
purged_embargoed,5,global_max,2,7,0.5456410256410257,0.5688316993464052,0.5866666666666667,0.551062091503268,0.0,3812,975
purged_embargoed,5,train_only,2,7,0.4512820512820513,0.5731209150326797,0.5866666666666667,0.551062091503268,0.0,3812,975
purged_embargoed,5,global_max,2,8,0.5425641025641026,0.5694444444444444,0.5866666666666667,0.551062091503268,0.0,3812,975
purged_embargoed,5,train_only,2,8,0.49230769230769234,0.5878267973856209,0.5866666666666667,0.551062091503268,0.0,3812,975
purged_embargoed,5,global_max,2,9,0.5056410256410256,0.5725081699346405,0.5866666666666667,0.551062091503268,0.0,3812,975
purged_embargoed,5,train_only,2,9,0.517948717948718,0.6068218954248366,0.5866666666666667,0.551062091503268,0.0,3812,975
purged_embargoed,10,global_max,2,0,0.3065015479876161,0.595379268043345,0.4375644994840041,0.4003271314659579,0.0,3803,969
purged_embargoed,10,train_only,2,0,0.3137254901960784,0.5589858924555305,0.4375644994840041,0.4003271314659579,0.0,3803,969
purged_embargoed,10,global_max,2,1,0.40350877192982454,0.6293191576364752,0.4375644994840041,0.4003271314659579,0.0,3803,969
purged_embargoed,10,train_only,2,1,0.29102167182662536,0.6413821304436721,0.4375644994840041,0.4003271314659579,0.0,3803,969
purged_embargoed,10,global_max,2,2,0.34055727554179566,0.6125536700061337,0.4375644994840041,0.4003271314659579,0.0,3803,969
purged_embargoed,10,train_only,2,2,0.3281733746130031,0.6516049887548558,0.4375644994840041,0.4003271314659579,0.0,3803,969
purged_embargoed,10,global_max,2,3,0.3653250773993808,0.5992639542015947,0.4375644994840041,0.4003271314659579,0.0,3803,969
purged_embargoed,10,train_only,2,3,0.3137254901960784,0.6554896749131057,0.4375644994840041,0.4003271314659579,0.0,3803,969
purged_embargoed,10,global_max,2,4,0.3219814241486068,0.48435902678388876,0.4375644994840041,0.4003271314659579,0.0,3803,969
purged_embargoed,10,train_only,2,4,0.31682146542827655,0.6313637292987119,0.4375644994840041,0.4003271314659579,0.0,3803,969
purged_embargoed,10,global_max,2,5,0.27450980392156865,0.553670006133715,0.4375644994840041,0.4003271314659579,0.0,3803,969
purged_embargoed,10,train_only,2,5,0.32920536635706915,0.6554896749131057,0.4375644994840041,0.4003271314659579,0.0,3803,969
purged_embargoed,10,global_max,2,6,0.3591331269349845,0.6158249846657126,0.4375644994840041,0.4003271314659579,0.0,3803,969
purged_embargoed,10,train_only,2,6,0.35810113519091846,0.6295236148026988,0.4375644994840041,0.4003271314659579,0.0,3803,969
purged_embargoed,10,global_max,2,7,0.2951496388028896,0.47740748313228376,0.4375644994840041,0.4003271314659579,0.0,3803,969
purged_embargoed,10,train_only,2,7,0.3684210526315789,0.625025557145778,0.4375644994840041,0.4003271314659579,0.0,3803,969
purged_embargoed,10,global_max,2,8,0.32507739938080493,0.5992639542015947,0.4375644994840041,0.4003271314659579,0.0,3803,969
purged_embargoed,10,train_only,2,8,0.2755417956656347,0.4996933142506645,0.4375644994840041,0.4003271314659579,0.0,3803,969
purged_embargoed,10,global_max,2,9,0.32301341589267285,0.5812717235739112,0.4375644994840041,0.4003271314659579,0.0,3803,969
purged_embargoed,10,train_only,2,9,0.3188854489164087,0.5933346963811081,0.4375644994840041,0.4003271314659579,0.0,3803,969
purged_embargoed,20,global_max,2,0,0.2852664576802508,0.4699856586765007,0.400208986415883,0.3652939971317353,0.0,3785,957
purged_embargoed,20,train_only,2,0,0.28213166144200624,0.6035648432698217,0.400208986415883,0.3652939971317353,0.0,3785,957
purged_embargoed,20,global_max,2,1,0.5193312434691745,0.6828518746158574,0.400208986415883,0.3652939971317353,0.0,3785,957
purged_embargoed,20,train_only,2,1,0.2884012539184953,0.6818274943659086,0.400208986415883,0.3652939971317353,0.0,3785,957
purged_embargoed,20,global_max,2,2,0.36363636363636365,0.6601106330669945,0.400208986415883,0.3652939971317353,0.0,3785,957
purged_embargoed,20,train_only,2,2,0.30825496342737724,0.7064126203646793,0.400208986415883,0.3652939971317353,0.0,3785,957
purged_embargoed,20,global_max,2,3,0.35214211076280044,0.6754763368162262,0.400208986415883,0.3652939971317353,0.0,3785,957
purged_embargoed,20,train_only,2,3,0.28108672936259144,0.6705593116164721,0.400208986415883,0.3652939971317353,0.0,3785,957
purged_embargoed,20,global_max,2,4,0.29780564263322884,0.6429010448678549,0.400208986415883,0.3652939971317353,0.0,3785,957
purged_embargoed,20,train_only,2,4,0.30303030303030304,0.6976029502151199,0.400208986415883,0.3652939971317353,0.0,3785,957
purged_embargoed,20,global_max,2,5,0.41379310344827586,0.6537594755173121,0.400208986415883,0.3652939971317353,0.0,3785,957
purged_embargoed,20,train_only,2,5,0.31974921630094044,0.5709895513214506,0.400208986415883,0.3652939971317353,0.0,3785,957
purged_embargoed,20,global_max,2,6,0.31452455590386624,0.5711944273714403,0.400208986415883,0.3652939971317353,0.0,3785,957
purged_embargoed,20,train_only,2,6,0.29780564263322884,0.634501126818275,0.400208986415883,0.3652939971317353,0.0,3785,957
purged_embargoed,20,global_max,2,7,0.29153605015673983,0.5021511985248924,0.400208986415883,0.3652939971317353,0.0,3785,957
purged_embargoed,20,train_only,2,7,0.28631138975966564,0.6658471624667076,0.400208986415883,0.3652939971317353,0.0,3785,957
purged_embargoed,20,global_max,2,8,0.3437826541274817,0.6556033599672199,0.400208986415883,0.3652939971317353,0.0,3785,957
purged_embargoed,20,train_only,2,8,0.26332288401253917,0.6527350952673633,0.400208986415883,0.3652939971317353,0.0,3785,957
purged_embargoed,20,global_max,2,9,0.3563218390804598,0.594960049170252,0.400208986415883,0.3652939971317353,0.0,3785,957
purged_embargoed,20,train_only,2,9,0.31347962382445144,0.6814177422659291,0.400208986415883,0.3652939971317353,0.0,3785,957
random_split,5,global_max,2,0,0.5255102040816326,0.5751633986928104,0.5316326530612245,0.551062091503268,1.0,3916,980
random_split,5,train_only,2,0,0.5183673469387755,0.5518790849673203,0.5316326530612245,0.551062091503268,1.0,3916,980
random_split,5,global_max,2,1,0.5326530612244897,0.5649509803921569,0.5306122448979592,0.551062091503268,1.0,3916,980
random_split,5,train_only,2,1,0.536734693877551,0.5631127450980392,0.5306122448979592,0.551062091503268,1.0,3916,980
random_split,5,global_max,2,2,0.5357142857142857,0.5716911764705882,0.5591836734693878,0.551062091503268,1.0,3916,980
random_split,5,train_only,2,2,0.5571428571428572,0.5898692810457516,0.5591836734693878,0.551062091503268,1.0,3916,980
random_split,5,global_max,2,3,0.5551020408163265,0.5716911764705882,0.5530612244897959,0.551062091503268,1.0,3916,980
random_split,5,train_only,2,3,0.5561224489795918,0.6015114379084967,0.5530612244897959,0.551062091503268,1.0,3916,980
random_split,5,global_max,2,4,0.5744897959183674,0.5749591503267973,0.5693877551020409,0.551062091503268,1.0,3916,980
random_split,5,train_only,2,4,0.5663265306122449,0.5712826797385621,0.5693877551020409,0.551062091503268,1.0,3916,980
random_split,5,global_max,2,5,0.5581632653061225,0.5833333333333334,0.5469387755102041,0.551062091503268,1.0,3916,980
random_split,5,train_only,2,5,0.5469387755102041,0.5804738562091504,0.5469387755102041,0.551062091503268,1.0,3916,980
random_split,5,global_max,2,6,0.5642857142857143,0.5774101307189542,0.5642857142857143,0.551062091503268,1.0,3916,980
random_split,5,train_only,2,6,0.5663265306122449,0.5727124183006536,0.5642857142857143,0.551062091503268,1.0,3916,980
random_split,5,global_max,2,7,0.5622448979591836,0.5649509803921569,0.563265306122449,0.551062091503268,1.0,3916,980
random_split,5,train_only,2,7,0.5581632653061225,0.5688316993464052,0.563265306122449,0.551062091503268,1.0,3916,980
random_split,5,global_max,2,8,0.5642857142857143,0.5700571895424836,0.576530612244898,0.551062091503268,1.0,3916,980
random_split,5,train_only,2,8,0.5479591836734694,0.5857843137254902,0.576530612244898,0.551062091503268,1.0,3916,980
random_split,5,global_max,2,9,0.4897959183673469,0.514297385620915,0.5775510204081633,0.551062091503268,1.0,3916,980
random_split,5,train_only,2,9,0.4959183673469388,0.5318627450980392,0.5775510204081633,0.551062091503268,1.0,3916,980
random_split,10,global_max,2,0,0.5393258426966292,0.5851564097321611,0.41164453524004085,0.4003271314659579,1.0,3912,979
random_split,10,train_only,2,0,0.5393258426966292,0.5992639542015947,0.41164453524004085,0.4003271314659579,1.0,3912,979
random_split,10,global_max,2,1,0.5291113381001021,0.5769781230832141,0.40960163432073543,0.4003271314659579,1.0,3912,979
random_split,10,train_only,2,1,0.6026557711950971,0.6669392762216315,0.40960163432073543,0.4003271314659579,1.0,3912,979
random_split,10,global_max,2,2,0.5454545454545454,0.5961970967082396,0.4004085801838611,0.4003271314659579,1.0,3912,979
random_split,10,train_only,2,2,0.5526046986721144,0.5931302392148845,0.4004085801838611,0.4003271314659579,1.0,3912,979
random_split,10,global_max,2,3,0.5454545454545454,0.6123492128399101,0.41164453524004085,0.4003271314659579,1.0,3912,979
random_split,10,train_only,2,3,0.6312563840653729,0.6935187078307095,0.41164453524004085,0.4003271314659579,1.0,3912,979
random_split,10,global_max,2,4,0.47191011235955055,0.5557145777959518,0.4044943820224719,0.4003271314659579,1.0,3912,979
random_split,10,train_only,2,4,0.575076608784474,0.6225720711510938,0.4044943820224719,0.4003271314659579,1.0,3912,979
random_split,10,global_max,2,5,0.5658835546475995,0.6135759558372521,0.4014300306435138,0.4003271314659579,1.0,3912,979
random_split,10,train_only,2,5,0.5955056179775281,0.6577387037415662,0.4014300306435138,0.4003271314659579,1.0,3912,979
random_split,10,global_max,2,6,0.5781409601634321,0.6319771007973829,0.36567926455566907,0.4003271314659579,1.0,3912,979
random_split,10,train_only,2,6,0.6363636363636364,0.683091392353302,0.36567926455566907,0.4003271314659579,1.0,3912,979
random_split,10,global_max,2,7,0.5188968335035751,0.575751380085872,0.41062308478038817,0.4003271314659579,1.0,3912,979
random_split,10,train_only,2,7,0.48723186925434114,0.5512165201390309,0.41062308478038817,0.4003271314659579,1.0,3912,979
random_split,10,global_max,2,8,0.5270684371807968,0.5344510325086894,0.41164453524004085,0.4003271314659579,1.0,3912,979
random_split,10,train_only,2,8,0.6230847803881512,0.6769576773665917,0.41164453524004085,0.4003271314659579,1.0,3912,979
random_split,10,global_max,2,9,0.5485188968335035,0.6162338989981598,0.3983656792645557,0.4003271314659579,1.0,3912,979
random_split,10,train_only,2,9,0.5812053115423902,0.6264567573093437,0.3983656792645557,0.4003271314659579,1.0,3912,979
random_split,20,global_max,2,0,0.6407369498464688,0.693300553165335,0.3510747185261003,0.3652939971317353,1.0,3904,977
random_split,20,train_only,2,0,0.6949846468781986,0.7203441917639828,0.3510747185261003,0.3652939971317353,1.0,3904,977
random_split,20,global_max,2,1,0.5987717502558854,0.6205695554189715,0.3735926305015353,0.3652939971317353,1.0,3904,977
random_split,20,train_only,2,1,0.7236438075742068,0.7480024585125998,0.3735926305015353,0.3652939971317353,1.0,3904,977
random_split,20,global_max,2,2,0.6663254861821903,0.7000614628149969,0.3654042988741044,0.3652939971317353,1.0,3904,977
random_split,20,train_only,2,2,0.7543500511770727,0.7879532882606023,0.3654042988741044,0.3652939971317353,1.0,3904,977
random_split,20,global_max,2,3,0.4022517911975435,0.41979102642901045,0.3735926305015353,0.3652939971317353,1.0,3904,977
random_split,20,train_only,2,3,0.7267144319344934,0.7633681622618316,0.3735926305015353,0.3652939971317353,1.0,3904,977
random_split,20,global_max,2,4,0.7175025588536336,0.7262855972136857,0.3930399181166837,0.3652939971317353,1.0,3904,977
random_split,20,train_only,2,4,0.7031729785056294,0.7035443556648228,0.3930399181166837,0.3652939971317353,1.0,3904,977
random_split,20,global_max,2,5,0.6796315250767656,0.6912517926654375,0.3664278403275333,0.3652939971317353,1.0,3904,977
random_split,20,train_only,2,5,0.7041965199590583,0.7291538619135423,0.3664278403275333,0.3652939971317353,1.0,3904,977
random_split,20,global_max,2,6,0.7021494370522006,0.7115345216144233,0.3500511770726714,0.3652939971317353,1.0,3904,977
random_split,20,train_only,2,6,0.6816786079836233,0.7447244417127638,0.3500511770726714,0.3652939971317353,1.0,3904,977
random_split,20,global_max,2,7,0.6898669396110543,0.7334562589633272,0.37871033776867963,0.3652939971317353,1.0,3904,977
random_split,20,train_only,2,7,0.7134083930399181,0.7252612169637369,0.37871033776867963,0.3652939971317353,1.0,3904,977
random_split,20,global_max,2,8,0.5496417604912999,0.5349313665232535,0.37563971340839303,0.3652939971317353,1.0,3904,977
random_split,20,train_only,2,8,0.7256908904810645,0.7717680803114116,0.37563971340839303,0.3652939971317353,1.0,3904,977
random_split,20,global_max,2,9,0.654042988741044,0.6787543536160623,0.39201637666325484,0.3652939971317353,1.0,3904,977
random_split,20,train_only,2,9,0.5813715455475946,0.5681212866215939,0.39201637666325484,0.3652939971317353,1.0,3904,977
chronological,5,global_max,3,0,0.5153061224489796,0.5678104575163399,0.5448979591836735,0.5343137254901961,0.10612244897959183,3916,980
chronological,5,train_only,3,0,0.4357142857142857,0.5614787581699346,0.5448979591836735,0.5343137254901961,0.10612244897959183,3916,980
chronological,5,global_max,3,1,0.41020408163265304,0.5304330065359477,0.5448979591836735,0.5343137254901961,0.10612244897959183,3916,980
chronological,5,train_only,3,1,0.3795918367346939,0.5743464052287581,0.5448979591836735,0.5343137254901961,0.10612244897959183,3916,980
chronological,5,global_max,3,2,0.5153061224489796,0.5863970588235294,0.5448979591836735,0.5343137254901961,0.10612244897959183,3916,980
chronological,5,train_only,3,2,0.4857142857142857,0.5874183006535948,0.5448979591836735,0.5343137254901961,0.10612244897959183,3916,980
chronological,5,global_max,3,3,0.5224489795918368,0.5537173202614379,0.5448979591836735,0.5343137254901961,0.10612244897959183,3916,980
chronological,5,train_only,3,3,0.463265306122449,0.5808823529411765,0.5448979591836735,0.5343137254901961,0.10612244897959183,3916,980
chronological,5,global_max,3,4,0.4816326530612245,0.6006944444444444,0.5448979591836735,0.5343137254901961,0.10612244897959183,3916,980
chronological,5,train_only,3,4,0.49489795918367346,0.5968137254901961,0.5448979591836735,0.5343137254901961,0.10612244897959183,3916,980
chronological,5,global_max,3,5,0.45,0.5912990196078431,0.5448979591836735,0.5343137254901961,0.10612244897959183,3916,980
chronological,5,train_only,3,5,0.3326530612244898,0.4362745098039216,0.5448979591836735,0.5343137254901961,0.10612244897959183,3916,980
chronological,5,global_max,3,6,0.4704081632653061,0.5614787581699346,0.5448979591836735,0.5343137254901961,0.10612244897959183,3916,980
chronological,5,train_only,3,6,0.38877551020408163,0.6139705882352942,0.5448979591836735,0.5343137254901961,0.10612244897959183,3916,980
chronological,5,global_max,3,7,0.41836734693877553,0.5620915032679739,0.5448979591836735,0.5343137254901961,0.10612244897959183,3916,980
chronological,5,train_only,3,7,0.3979591836734694,0.610498366013072,0.5448979591836735,0.5343137254901961,0.10612244897959183,3916,980
chronological,5,global_max,3,8,0.463265306122449,0.5935457516339869,0.5448979591836735,0.5343137254901961,0.10612244897959183,3916,980
chronological,5,train_only,3,8,0.4520408163265306,0.6049836601307189,0.5448979591836735,0.5343137254901961,0.10612244897959183,3916,980
chronological,5,global_max,3,9,0.513265306122449,0.5698529411764706,0.5448979591836735,0.5343137254901961,0.10612244897959183,3916,980
chronological,5,train_only,3,9,0.42346938775510207,0.5616830065359477,0.5448979591836735,0.5343137254901961,0.10612244897959183,3916,980
chronological,10,global_max,3,0,0.3595505617977528,0.6170517276630546,0.42083758937691523,0.3937845021468002,0.11133810010214505,3912,979
chronological,10,train_only,3,0,0.36057201225740554,0.6544673890819873,0.42083758937691523,0.3937845021468002,0.11133810010214505,3912,979
chronological,10,global_max,3,1,0.34831460674157305,0.6113269270087917,0.42083758937691523,0.3937845021468002,0.11133810010214505,3912,979
chronological,10,train_only,3,1,0.3534218590398366,0.6618278470660397,0.42083758937691523,0.3937845021468002,0.11133810010214505,3912,979
chronological,10,global_max,3,2,0.3166496424923391,0.5240237170312819,0.42083758937691523,0.3937845021468002,0.11133810010214505,3912,979
chronological,10,train_only,3,2,0.3861082737487232,0.5888366387241872,0.42083758937691523,0.3937845021468002,0.11133810010214505,3912,979
chronological,10,global_max,3,3,0.29111338100102147,0.5996728685340421,0.42083758937691523,0.3937845021468002,0.11133810010214505,3912,979
chronological,10,train_only,3,3,0.27477017364657813,0.6176650991617256,0.42083758937691523,0.3937845021468002,0.11133810010214505,3912,979
chronological,10,global_max,3,4,0.30949948927477017,0.6139848701696995,0.42083758937691523,0.3937845021468002,0.11133810010214505,3912,979
chronological,10,train_only,3,4,0.33401430030643514,0.6638724187282764,0.42083758937691523,0.3937845021468002,0.11133810010214505,3912,979
chronological,10,global_max,3,5,0.34627170582226763,0.6090778981803312,0.42083758937691523,0.3937845021468002,0.11133810010214505,3912,979
chronological,10,train_only,3,5,0.3023493360572012,0.561848292782662,0.42083758937691523,0.3937845021468002,0.11133810010214505,3912,979
chronological,10,global_max,3,6,0.35137895812053116,0.647720302596606,0.42083758937691523,0.3937845021468002,0.11133810010214505,3912,979
chronological,10,train_only,3,6,0.3350357507660878,0.5737068084236352,0.42083758937691523,0.3937845021468002,0.11133810010214505,3912,979
chronological,10,global_max,3,7,0.3166496424923391,0.5655285217746882,0.42083758937691523,0.3937845021468002,0.11133810010214505,3912,979
chronological,10,train_only,3,7,0.2972420837589377,0.6389286444489879,0.42083758937691523,0.3937845021468002,0.11133810010214505,3912,979
chronological,10,global_max,3,8,0.30643513789581206,0.5716622367613985,0.42083758937691523,0.3937845021468002,0.11133810010214505,3912,979
chronological,10,train_only,3,8,0.2870275791624106,0.5628705786137804,0.42083758937691523,0.3937845021468002,0.11133810010214505,3912,979
chronological,10,global_max,3,9,0.2992849846782431,0.5595992639542016,0.42083758937691523,0.3937845021468002,0.11133810010214505,3912,979
chronological,10,train_only,3,9,0.2972420837589377,0.6650991617256184,0.42083758937691523,0.3937845021468002,0.11133810010214505,3912,979
chronological,20,global_max,3,0,0.31525076765609006,0.6129891415693506,0.3654042988741044,0.3521819299323909,0.1218014329580348,3904,977
chronological,20,train_only,3,0,0.3070624360286592,0.6840811309157959,0.3654042988741044,0.3521819299323909,0.1218014329580348,3904,977
chronological,20,global_max,3,1,0.2906857727737973,0.686539643515673,0.3654042988741044,0.3521819299323909,0.1218014329580348,3904,977
chronological,20,train_only,3,1,0.34800409416581374,0.6928908010653555,0.3654042988741044,0.3521819299323909,0.1218014329580348,3904,977
chronological,20,global_max,3,2,0.34800409416581374,0.6812128662159393,0.3654042988741044,0.3521819299323909,0.1218014329580348,3904,977
chronological,20,train_only,3,2,0.35516888433981575,0.7127637779143619,0.3654042988741044,0.3521819299323909,0.1218014329580348,3904,977
chronological,20,global_max,3,3,0.3193449334698055,0.6326572423683672,0.3654042988741044,0.3521819299323909,0.1218014329580348,3904,977
chronological,20,train_only,3,3,0.2640736949846469,0.6957590657652121,0.3654042988741044,0.3521819299323909,0.1218014329580348,3904,977
chronological,20,global_max,3,4,0.3193449334698055,0.6562179881171891,0.3654042988741044,0.3521819299323909,0.1218014329580348,3904,977
chronological,20,train_only,3,4,0.3265097236438076,0.6199549272690023,0.3654042988741044,0.3521819299323909,0.1218014329580348,3904,977
chronological,20,global_max,3,5,0.3070624360286592,0.5334972341733252,0.3654042988741044,0.3521819299323909,0.1218014329580348,3904,977
chronological,20,train_only,3,5,0.29887410440122825,0.677320221266134,0.3654042988741044,0.3521819299323909,0.1218014329580348,3904,977
chronological,20,global_max,3,6,0.3561924257932446,0.6646179061667691,0.3654042988741044,0.3521819299323909,0.1218014329580348,3904,977
chronological,20,train_only,3,6,0.35209825997952915,0.6658471624667076,0.3654042988741044,0.3521819299323909,0.1218014329580348,3904,977
chronological,20,global_max,3,7,0.3091095189355169,0.5675066584716246,0.3654042988741044,0.3521819299323909,0.1218014329580348,3904,977
chronological,20,train_only,3,7,0.2968270214943705,0.6322474902683877,0.3654042988741044,0.3521819299323909,0.1218014329580348,3904,977
chronological,20,global_max,3,8,0.3060388945752303,0.6439254251178037,0.3654042988741044,0.3521819299323909,0.1218014329580348,3904,977
chronological,20,train_only,3,8,0.27226202661207777,0.6623642696168818,0.3654042988741044,0.3521819299323909,0.1218014329580348,3904,977
chronological,20,global_max,3,9,0.3132036847492323,0.3745134193812743,0.3654042988741044,0.3521819299323909,0.1218014329580348,3904,977
chronological,20,train_only,3,9,0.34493346980552714,0.7217783241139111,0.3654042988741044,0.3521819299323909,0.1218014329580348,3904,977
purged_embargoed,5,global_max,3,0,0.5312820512820513,0.5676062091503268,0.5456410256410257,0.5343137254901961,0.0,3812,975
purged_embargoed,5,train_only,3,0,0.46153846153846156,0.5945669934640523,0.5456410256410257,0.5343137254901961,0.0,3812,975
purged_embargoed,5,global_max,3,1,0.4523076923076923,0.5939542483660131,0.5456410256410257,0.5343137254901961,0.0,3812,975
purged_embargoed,5,train_only,3,1,0.4574358974358974,0.5915032679738562,0.5456410256410257,0.5343137254901961,0.0,3812,975
purged_embargoed,5,global_max,3,2,0.47794871794871796,0.5790441176470589,0.5456410256410257,0.5343137254901961,0.0,3812,975
purged_embargoed,5,train_only,3,2,0.4430769230769231,0.5968137254901961,0.5456410256410257,0.5343137254901961,0.0,3812,975
purged_embargoed,5,global_max,3,3,0.4441025641025641,0.5502450980392157,0.5456410256410257,0.5343137254901961,0.0,3812,975
purged_embargoed,5,train_only,3,3,0.39692307692307693,0.536968954248366,0.5456410256410257,0.5343137254901961,0.0,3812,975
purged_embargoed,5,global_max,3,4,0.4256410256410256,0.5422794117647058,0.5456410256410257,0.5343137254901961,0.0,3812,975
purged_embargoed,5,train_only,3,4,0.49128205128205127,0.59375,0.5456410256410257,0.5343137254901961,0.0,3812,975
purged_embargoed,5,global_max,3,5,0.5035897435897436,0.5855800653594772,0.5456410256410257,0.5343137254901961,0.0,3812,975
purged_embargoed,5,train_only,3,5,0.4471794871794872,0.6053921568627451,0.5456410256410257,0.5343137254901961,0.0,3812,975
purged_embargoed,5,global_max,3,6,0.4841025641025641,0.5980392156862745,0.5456410256410257,0.5343137254901961,0.0,3812,975
purged_embargoed,5,train_only,3,6,0.4307692307692308,0.6002859477124183,0.5456410256410257,0.5343137254901961,0.0,3812,975
purged_embargoed,5,global_max,3,7,0.4338461538461538,0.5625,0.5456410256410257,0.5343137254901961,0.0,3812,975
purged_embargoed,5,train_only,3,7,0.38461538461538464,0.5849673202614379,0.5456410256410257,0.5343137254901961,0.0,3812,975
purged_embargoed,5,global_max,3,8,0.4564102564102564,0.5745506535947712,0.5456410256410257,0.5343137254901961,0.0,3812,975
purged_embargoed,5,train_only,3,8,0.4482051282051282,0.6004901960784313,0.5456410256410257,0.5343137254901961,0.0,3812,975
purged_embargoed,5,global_max,3,9,0.5015384615384615,0.5573937908496732,0.5456410256410257,0.5343137254901961,0.0,3812,975
purged_embargoed,5,train_only,3,9,0.4123076923076923,0.5473856209150327,0.5456410256410257,0.5343137254901961,0.0,3812,975
purged_embargoed,10,global_max,3,0,0.3591331269349845,0.603557554692292,0.42518059855521156,0.3937845021468002,0.0,3803,969
purged_embargoed,10,train_only,3,0,0.3622291021671827,0.6064199550194235,0.42518059855521156,0.3937845021468002,0.0,3803,969
purged_embargoed,10,global_max,3,1,0.3457172342621259,0.6317726436311593,0.42518059855521156,0.3937845021468002,0.0,3803,969
purged_embargoed,10,train_only,3,1,0.33539731682146545,0.5741157227560826,0.42518059855521156,0.3937845021468002,0.0,3803,969
purged_embargoed,10,global_max,3,2,0.30959752321981426,0.6315681864649356,0.42518059855521156,0.3937845021468002,0.0,3803,969
purged_embargoed,10,train_only,3,2,0.31991744066047473,0.6634635043958291,0.42518059855521156,0.3937845021468002,0.0,3803,969
purged_embargoed,10,global_max,3,3,0.3137254901960784,0.534655489674913,0.42518059855521156,0.3937845021468002,0.0,3803,969
purged_embargoed,10,train_only,3,3,0.3560371517027864,0.5951748108771212,0.42518059855521156,0.3937845021468002,0.0,3803,969
purged_embargoed,10,global_max,3,4,0.2807017543859649,0.5685953792680434,0.42518059855521156,0.3937845021468002,0.0,3803,969
purged_embargoed,10,train_only,3,4,0.3023735810113519,0.6434267021059088,0.42518059855521156,0.3937845021468002,0.0,3803,969
purged_embargoed,10,global_max,3,5,0.32920536635706915,0.6162338989981598,0.42518059855521156,0.3937845021468002,0.0,3803,969
purged_embargoed,10,train_only,3,5,0.3302373581011352,0.6503782457575138,0.42518059855521156,0.3937845021468002,0.0,3803,969
purged_embargoed,10,global_max,3,6,0.31682146542827655,0.6182784706603967,0.42518059855521156,0.3937845021468002,0.0,3803,969
purged_embargoed,10,train_only,3,6,0.2982456140350877,0.6481292169290533,0.42518059855521156,0.3937845021468002,0.0,3803,969
purged_embargoed,10,global_max,3,7,0.3323013415892673,0.5796360662441219,0.42518059855521156,0.3937845021468002,0.0,3803,969
purged_embargoed,10,train_only,3,7,0.30856553147574817,0.6037620118585156,0.42518059855521156,0.3937845021468002,0.0,3803,969
purged_embargoed,10,global_max,3,8,0.3684210526315789,0.5982416683704764,0.42518059855521156,0.3937845021468002,0.0,3803,969
purged_embargoed,10,train_only,3,8,0.347781217750258,0.6452668166019219,0.42518059855521156,0.3937845021468002,0.0,3803,969
purged_embargoed,10,global_max,3,9,0.30340557275541796,0.5221836025352689,0.42518059855521156,0.3937845021468002,0.0,3803,969
purged_embargoed,10,train_only,3,9,0.3240454076367389,0.6765487630341444,0.42518059855521156,0.3937845021468002,0.0,3803,969
purged_embargoed,20,global_max,3,0,0.3939393939393939,0.6090964966195451,0.35214211076280044,0.3521819299323909,0.0,3785,957
purged_embargoed,20,train_only,3,0,0.3573667711598746,0.6767055931161647,0.35214211076280044,0.3521819299323909,0.0,3785,957
purged_embargoed,20,global_max,3,1,0.36363636363636365,0.6687154271665642,0.35214211076280044,0.3521819299323909,0.0,3785,957
purged_embargoed,20,train_only,3,1,0.35318704284221525,0.6674861708666256,0.35214211076280044,0.3521819299323909,0.0,3785,957
purged_embargoed,20,global_max,3,2,0.3051201671891327,0.6553984839172301,0.35214211076280044,0.3521819299323909,0.0,3785,957
purged_embargoed,20,train_only,3,2,0.3281086729362591,0.6973980741651301,0.35214211076280044,0.3521819299323909,0.0,3785,957
purged_embargoed,20,global_max,3,3,0.29780564263322884,0.5986478180700676,0.35214211076280044,0.3521819299323909,0.0,3785,957
purged_embargoed,20,train_only,3,3,0.32497387669801464,0.6541692276172916,0.35214211076280044,0.3521819299323909,0.0,3785,957
purged_embargoed,20,global_max,3,4,0.30303030303030304,0.53779963122311,0.35214211076280044,0.3521819299323909,0.0,3785,957
purged_embargoed,20,train_only,3,4,0.296760710553814,0.560540872771973,0.35214211076280044,0.3521819299323909,0.0,3785,957
purged_embargoed,20,global_max,3,5,0.3322884012539185,0.6871542716656422,0.35214211076280044,0.3521819299323909,0.0,3785,957
purged_embargoed,20,train_only,3,5,0.3187042842215256,0.6976029502151199,0.35214211076280044,0.3521819299323909,0.0,3785,957
purged_embargoed,20,global_max,3,6,0.34796238244514105,0.5953698012702315,0.35214211076280044,0.3521819299323909,0.0,3785,957
purged_embargoed,20,train_only,3,6,0.329153605015674,0.6810079901659496,0.35214211076280044,0.3521819299323909,0.0,3785,957
purged_embargoed,20,global_max,3,7,0.30929989550679204,0.6484326982175783,0.35214211076280044,0.3521819299323909,0.0,3785,957
purged_embargoed,20,train_only,3,7,0.3051201671891327,0.6340913747182955,0.35214211076280044,0.3521819299323909,0.0,3785,957
purged_embargoed,20,global_max,3,8,0.26750261233019856,0.6412620364679369,0.35214211076280044,0.3521819299323909,0.0,3785,957
purged_embargoed,20,train_only,3,8,0.3051201671891327,0.6689203032165539,0.35214211076280044,0.3521819299323909,0.0,3785,957
purged_embargoed,20,global_max,3,9,0.3155694879832811,0.6158574062692072,0.35214211076280044,0.3521819299323909,0.0,3785,957
purged_embargoed,20,train_only,3,9,0.3343782654127482,0.6482278221675886,0.35214211076280044,0.3521819299323909,0.0,3785,957
random_split,5,global_max,3,0,0.5214285714285715,0.579248366013072,0.5326530612244897,0.5343137254901961,1.0,3916,980
random_split,5,train_only,3,0,0.5448979591836735,0.5763888888888888,0.5326530612244897,0.5343137254901961,1.0,3916,980
random_split,5,global_max,3,1,0.5346938775510204,0.5553513071895425,0.5285714285714286,0.5343137254901961,1.0,3916,980
random_split,5,train_only,3,1,0.5346938775510204,0.585171568627451,0.5285714285714286,0.5343137254901961,1.0,3916,980
random_split,5,global_max,3,2,0.5571428571428572,0.5718954248366013,0.5571428571428572,0.5343137254901961,1.0,3916,980
random_split,5,train_only,3,2,0.5581632653061225,0.5835375816993464,0.5571428571428572,0.5343137254901961,1.0,3916,980
random_split,5,global_max,3,3,0.5530612244897959,0.5471813725490197,0.5540816326530612,0.5343137254901961,1.0,3916,980
random_split,5,train_only,3,3,0.5459183673469388,0.5761846405228758,0.5540816326530612,0.5343137254901961,1.0,3916,980
random_split,5,global_max,3,4,0.5061224489795918,0.5526960784313726,0.5326530612244897,0.5343137254901961,1.0,3916,980
random_split,5,train_only,3,4,0.5438775510204081,0.608047385620915,0.5326530612244897,0.5343137254901961,1.0,3916,980
random_split,5,global_max,3,5,0.5510204081632653,0.5547385620915033,0.5326530612244897,0.5343137254901961,1.0,3916,980
random_split,5,train_only,3,5,0.55,0.5947712418300654,0.5326530612244897,0.5343137254901961,1.0,3916,980
random_split,5,global_max,3,6,0.48673469387755103,0.5124591503267973,0.5469387755102041,0.5343137254901961,1.0,3916,980
random_split,5,train_only,3,6,0.5663265306122449,0.6062091503267973,0.5469387755102041,0.5343137254901961,1.0,3916,980
random_split,5,global_max,3,7,0.503061224489796,0.5643382352941176,0.5051020408163265,0.5343137254901961,1.0,3916,980
random_split,5,train_only,3,7,0.5448979591836735,0.6076388888888888,0.5051020408163265,0.5343137254901961,1.0,3916,980
random_split,5,global_max,3,8,0.523469387755102,0.5514705882352942,0.5255102040816326,0.5343137254901961,1.0,3916,980
random_split,5,train_only,3,8,0.539795918367347,0.5772058823529411,0.5255102040816326,0.5343137254901961,1.0,3916,980
random_split,5,global_max,3,9,0.5255102040816326,0.5424836601307189,0.5214285714285715,0.5343137254901961,1.0,3916,980
random_split,5,train_only,3,9,0.513265306122449,0.5541258169934641,0.5214285714285715,0.5343137254901961,1.0,3916,980
random_split,10,global_max,3,0,0.5822267620020429,0.6315681864649356,0.390194075587334,0.3937845021468002,1.0,3912,979
random_split,10,train_only,3,0,0.4157303370786517,0.4038029032917604,0.390194075587334,0.3937845021468002,1.0,3912,979
random_split,10,global_max,3,1,0.4514811031664964,0.489265998773257,0.4157303370786517,0.3937845021468002,1.0,3912,979
random_split,10,train_only,3,1,0.6312563840653729,0.6986301369863014,0.4157303370786517,0.3937845021468002,1.0,3912,979
random_split,10,global_max,3,2,0.5638406537282942,0.6225720711510938,0.3769152196118488,0.3937845021468002,1.0,3912,979
random_split,10,train_only,3,2,0.6036772216547498,0.6430177877734614,0.3769152196118488,0.3937845021468002,1.0,3912,979
random_split,10,global_max,3,3,0.5127681307456589,0.5882232672255162,0.39734422880490294,0.3937845021468002,1.0,3912,979
random_split,10,train_only,3,3,0.575076608784474,0.6366796156205276,0.39734422880490294,0.3937845021468002,1.0,3912,979
random_split,10,global_max,3,4,0.5709908069458631,0.6278879574729094,0.39427987742594484,0.3937845021468002,1.0,3912,979
random_split,10,train_only,3,4,0.59244126659857,0.6444489879370272,0.39427987742594484,0.3937845021468002,1.0,3912,979
random_split,10,global_max,3,5,0.5791624106230848,0.6634635043958291,0.3922369765066394,0.3937845021468002,1.0,3912,979
random_split,10,train_only,3,5,0.5658835546475995,0.6088734410141076,0.3922369765066394,0.3937845021468002,1.0,3912,979
random_split,10,global_max,3,6,0.5822267620020429,0.6274790431404621,0.39632277834525026,0.3937845021468002,1.0,3912,979
random_split,10,train_only,3,6,0.6189989785495403,0.6419955019423431,0.39632277834525026,0.3937845021468002,1.0,3912,979
random_split,10,global_max,3,7,0.5597548518896833,0.6356573297894091,0.38202247191011235,0.3937845021468002,1.0,3912,979
random_split,10,train_only,3,7,0.6455566905005107,0.6785933346963811,0.38202247191011235,0.3937845021468002,1.0,3912,979
random_split,10,global_max,3,8,0.5781409601634321,0.6599877325700266,0.3891726251276813,0.3937845021468002,1.0,3912,979
random_split,10,train_only,3,8,0.6087844739530133,0.6636679615620528,0.3891726251276813,0.3937845021468002,1.0,3912,979
random_split,10,global_max,3,9,0.5873340143003064,0.6237988141484359,0.39121552604698673,0.3937845021468002,1.0,3912,979
random_split,10,train_only,3,9,0.5291113381001021,0.5497853199754651,0.39121552604698673,0.3937845021468002,1.0,3912,979
random_split,20,global_max,3,0,0.5547594677584442,0.5812333538209383,0.3500511770726714,0.3521819299323909,1.0,3904,977
random_split,20,train_only,3,0,0.7113613101330604,0.7367342757631633,0.3500511770726714,0.3521819299323909,1.0,3904,977
random_split,20,global_max,3,1,0.5168884339815762,0.5214095472239295,0.3623336745138178,0.3521819299323909,1.0,3904,977
random_split,20,train_only,3,1,0.6704196519959058,0.7121491497643926,0.3623336745138178,0.3521819299323909,1.0,3904,977
random_split,20,global_max,3,2,0.5772773797338793,0.6099160008195041,0.3633572159672467,0.3521819299323909,1.0,3904,977
random_split,20,train_only,3,2,0.5506653019447287,0.5894283958205285,0.3633572159672467,0.3521819299323909,1.0,3904,977
random_split,20,global_max,3,3,0.6397134083930399,0.6779348494161033,0.34800409416581374,0.3521819299323909,1.0,3904,977
random_split,20,train_only,3,3,0.6806550665301945,0.7103052653144848,0.34800409416581374,0.3521819299323909,1.0,3904,977
random_split,20,global_max,3,4,0.5967246673490276,0.6283548453185822,0.3572159672466735,0.3521819299323909,1.0,3904,977
random_split,20,train_only,3,4,0.7338792221084954,0.7623437820118828,0.3572159672466735,0.3521819299323909,1.0,3904,977
random_split,20,global_max,3,5,0.6755373592630501,0.6816226183159189,0.3623336745138178,0.3521819299323909,1.0,3904,977
random_split,20,train_only,3,5,0.7041965199590583,0.7400122925629994,0.3623336745138178,0.3521819299323909,1.0,3904,977
random_split,20,global_max,3,6,0.676560900716479,0.7318172505634092,0.3490276356192426,0.3521819299323909,1.0,3904,977
random_split,20,train_only,3,6,0.6591606960081884,0.7057979922147101,0.3490276356192426,0.3521819299323909,1.0,3904,977
random_split,20,global_max,3,7,0.6847492323439099,0.7195246875640238,0.3623336745138178,0.3521819299323909,1.0,3904,977
random_split,20,train_only,3,7,0.7308085977482088,0.7566072526121697,0.3623336745138178,0.3521819299323909,1.0,3904,977
random_split,20,global_max,3,8,0.5987717502558854,0.6385986478180701,0.34493346980552714,0.3521819299323909,1.0,3904,977
random_split,20,train_only,3,8,0.7420675537359263,0.7545584921122721,0.34493346980552714,0.3521819299323909,1.0,3904,977
random_split,20,global_max,3,9,0.6550665301944729,0.6711739397664414,0.3541453428863869,0.3521819299323909,1.0,3904,977
random_split,20,train_only,3,9,0.7379733879222109,0.7746363450112682,0.3541453428863869,0.3521819299323909,1.0,3904,977
chronological,5,global_max,4,0,0.4459183673469388,0.5849673202614379,0.5418367346938775,0.551062091503268,0.10612244897959183,3916,980
chronological,5,train_only,4,0,0.47959183673469385,0.6058006535947712,0.5418367346938775,0.551062091503268,0.10612244897959183,3916,980
chronological,5,global_max,4,1,0.47346938775510206,0.5980392156862745,0.5418367346938775,0.551062091503268,0.10612244897959183,3916,980
chronological,5,train_only,4,1,0.47551020408163264,0.6311274509803921,0.5418367346938775,0.551062091503268,0.10612244897959183,3916,980
chronological,5,global_max,4,2,0.463265306122449,0.5837418300653595,0.5418367346938775,0.551062091503268,0.10612244897959183,3916,980
chronological,5,train_only,4,2,0.48673469387755103,0.6100898692810458,0.5418367346938775,0.551062091503268,0.10612244897959183,3916,980
chronological,5,global_max,4,3,0.4387755102040816,0.5631127450980392,0.5418367346938775,0.551062091503268,0.10612244897959183,3916,980
chronological,5,train_only,4,3,0.4744897959183674,0.579452614379085,0.5418367346938775,0.551062091503268,0.10612244897959183,3916,980
chronological,5,global_max,4,4,0.37551020408163266,0.5202205882352942,0.5418367346938775,0.551062091503268,0.10612244897959183,3916,980
chronological,5,train_only,4,4,0.4061224489795918,0.5853758169934641,0.5418367346938775,0.551062091503268,0.10612244897959183,3916,980
chronological,5,global_max,4,5,0.4928571428571429,0.6113153594771242,0.5418367346938775,0.551062091503268,0.10612244897959183,3916,980
chronological,5,train_only,4,5,0.4602040816326531,0.6143790849673203,0.5418367346938775,0.551062091503268,0.10612244897959183,3916,980
chronological,5,global_max,4,6,0.4846938775510204,0.6004901960784313,0.5418367346938775,0.551062091503268,0.10612244897959183,3916,980
chronological,5,train_only,4,6,0.4928571428571429,0.6407271241830066,0.5418367346938775,0.551062091503268,0.10612244897959183,3916,980
chronological,5,global_max,4,7,0.4030612244897959,0.5486111111111112,0.5418367346938775,0.551062091503268,0.10612244897959183,3916,980
chronological,5,train_only,4,7,0.5285714285714286,0.6127450980392157,0.5418367346938775,0.551062091503268,0.10612244897959183,3916,980
chronological,5,global_max,4,8,0.4418367346938776,0.5786356209150327,0.5418367346938775,0.551062091503268,0.10612244897959183,3916,980
chronological,5,train_only,4,8,0.4326530612244898,0.5692401960784313,0.5418367346938775,0.551062091503268,0.10612244897959183,3916,980
chronological,5,global_max,4,9,0.42142857142857143,0.5467728758169934,0.5418367346938775,0.551062091503268,0.10612244897959183,3916,980
chronological,5,train_only,4,9,0.4816326530612245,0.6262254901960784,0.5418367346938775,0.551062091503268,0.10612244897959183,3916,980
chronological,10,global_max,4,0,0.27579162410623087,0.6170517276630546,0.4136874361593463,0.3943978736454713,0.11133810010214505,3912,979
chronological,10,train_only,4,0,0.32073544433094997,0.6430177877734614,0.4136874361593463,0.3943978736454713,0.11133810010214505,3912,979
chronological,10,global_max,4,1,0.3626149131767109,0.4970353710897567,0.4136874361593463,0.3943978736454713,0.11133810010214505,3912,979
chronological,10,train_only,4,1,0.3442288049029622,0.6264567573093437,0.4136874361593463,0.3943978736454713,0.11133810010214505,3912,979
chronological,10,global_max,4,2,0.36976506639427986,0.633203843794725,0.4136874361593463,0.3943978736454713,0.11133810010214505,3912,979
chronological,10,train_only,4,2,0.3718079673135853,0.5818850950725823,0.4136874361593463,0.3943978736454713,0.11133810010214505,3912,979
chronological,10,global_max,4,3,0.3054136874361593,0.5015334287466776,0.4136874361593463,0.3943978736454713,0.11133810010214505,3912,979
chronological,10,train_only,4,3,0.4065372829417773,0.6536495604170927,0.4136874361593463,0.3943978736454713,0.11133810010214505,3912,979
chronological,10,global_max,4,4,0.2839632277834525,0.6197096708239623,0.4136874361593463,0.3943978736454713,0.11133810010214505,3912,979
chronological,10,train_only,4,4,0.32482124616956076,0.6828869351870783,0.4136874361593463,0.3943978736454713,0.11133810010214505,3912,979
chronological,10,global_max,4,5,0.338100102145046,0.6364751584543038,0.4136874361593463,0.3943978736454713,0.11133810010214505,3912,979
chronological,10,train_only,4,5,0.3840653728294178,0.6540584747495399,0.4136874361593463,0.3943978736454713,0.11133810010214505,3912,979
chronological,10,global_max,4,6,0.32175689479060265,0.6444489879370272,0.4136874361593463,0.3943978736454713,0.11133810010214505,3912,979
chronological,10,train_only,4,6,0.3585291113381001,0.699447965651196,0.4136874361593463,0.3943978736454713,0.11133810010214505,3912,979
chronological,10,global_max,4,7,0.36670071501532175,0.6516049887548558,0.4136874361593463,0.3943978736454713,0.11133810010214505,3912,979
chronological,10,train_only,4,7,0.4004085801838611,0.6953588223267225,0.4136874361593463,0.3943978736454713,0.11133810010214505,3912,979
chronological,10,global_max,4,8,0.2604698672114402,0.5892455530566346,0.4136874361593463,0.3943978736454713,0.11133810010214505,3912,979
chronological,10,train_only,4,8,0.3564862104187947,0.6338172152933961,0.4136874361593463,0.3943978736454713,0.11133810010214505,3912,979
chronological,10,global_max,4,9,0.32277834525025534,0.5824984665712534,0.4136874361593463,0.3943978736454713,0.11133810010214505,3912,979
chronological,10,train_only,4,9,0.39121552604698673,0.6317726436311593,0.4136874361593463,0.3943978736454713,0.11133810010214505,3912,979
chronological,20,global_max,4,0,0.28249744114636643,0.6894079082155296,0.4329580348004094,0.3855767260807212,0.1218014329580348,3904,977
chronological,20,train_only,4,0,0.34800409416581374,0.7164515468141774,0.4329580348004094,0.3855767260807212,0.1218014329580348,3904,977
chronological,20,global_max,4,1,0.23336745138178097,0.660520385166974,0.4329580348004094,0.3855767260807212,0.1218014329580348,3904,977
chronological,20,train_only,4,1,0.3101330603889457,0.7117393976644131,0.4329580348004094,0.3855767260807212,0.1218014329580348,3904,977
chronological,20,global_max,4,2,0.23848515864892528,0.5718090555214096,0.4329580348004094,0.3855767260807212,0.1218014329580348,3904,977
chronological,20,train_only,4,2,0.29887410440122825,0.7035443556648228,0.4329580348004094,0.3855767260807212,0.1218014329580348,3904,977
chronological,20,global_max,4,3,0.35209825997952915,0.6681007990165949,0.4329580348004094,0.3855767260807212,0.1218014329580348,3904,977
chronological,20,train_only,4,3,0.3572159672466735,0.6566277402171686,0.4329580348004094,0.3855767260807212,0.1218014329580348,3904,977
chronological,20,global_max,4,4,0.2917093142272262,0.6961688178651916,0.4329580348004094,0.3855767260807212,0.1218014329580348,3904,977
chronological,20,train_only,4,4,0.33265097236438074,0.6584716246670764,0.4329580348004094,0.3855767260807212,0.1218014329580348,3904,977
chronological,20,global_max,4,5,0.2896622313203685,0.6043843474697808,0.4329580348004094,0.3855767260807212,0.1218014329580348,3904,977
chronological,20,train_only,4,5,0.3265097236438076,0.7000614628149969,0.4329580348004094,0.3855767260807212,0.1218014329580348,3904,977
chronological,20,global_max,4,6,0.27840327533265097,0.6760909649661955,0.4329580348004094,0.3855767260807212,0.1218014329580348,3904,977
chronological,20,train_only,4,6,0.3101330603889457,0.6627740217168613,0.4329580348004094,0.3855767260807212,0.1218014329580348,3904,977
chronological,20,global_max,4,7,0.3091095189355169,0.6896127842655193,0.4329580348004094,0.3855767260807212,0.1218014329580348,3904,977
chronological,20,train_only,4,7,0.2917093142272262,0.6943249334152838,0.4329580348004094,0.3855767260807212,0.1218014329580348,3904,977
chronological,20,global_max,4,8,0.345957011258956,0.5939356689203033,0.4329580348004094,0.3855767260807212,0.1218014329580348,3904,977
chronological,20,train_only,4,8,0.3029682702149437,0.7043638598647818,0.4329580348004094,0.3855767260807212,0.1218014329580348,3904,977
chronological,20,global_max,4,9,0.2507676560900716,0.5400532677729973,0.4329580348004094,0.3855767260807212,0.1218014329580348,3904,977
chronological,20,train_only,4,9,0.28556806550665303,0.519360786724032,0.4329580348004094,0.3855767260807212,0.1218014329580348,3904,977
purged_embargoed,5,global_max,4,0,0.4676923076923077,0.6053921568627451,0.5394871794871795,0.551062091503268,0.0,3812,975
purged_embargoed,5,train_only,4,0,0.5005128205128205,0.6033496732026143,0.5394871794871795,0.551062091503268,0.0,3812,975
purged_embargoed,5,global_max,4,1,0.5005128205128205,0.5629084967320261,0.5394871794871795,0.551062091503268,0.0,3812,975
purged_embargoed,5,train_only,4,1,0.4461538461538462,0.596609477124183,0.5394871794871795,0.551062091503268,0.0,3812,975
purged_embargoed,5,global_max,4,2,0.4841025641025641,0.5943627450980392,0.5394871794871795,0.551062091503268,0.0,3812,975
purged_embargoed,5,train_only,4,2,0.4543589743589744,0.5870098039215687,0.5394871794871795,0.551062091503268,0.0,3812,975
purged_embargoed,5,global_max,4,3,0.36923076923076925,0.5042892156862745,0.5394871794871795,0.551062091503268,0.0,3812,975
purged_embargoed,5,train_only,4,3,0.521025641025641,0.5776143790849673,0.5394871794871795,0.551062091503268,0.0,3812,975
purged_embargoed,5,global_max,4,4,0.5292307692307693,0.5757761437908496,0.5394871794871795,0.551062091503268,0.0,3812,975
purged_embargoed,5,train_only,4,4,0.517948717948718,0.5921160130718954,0.5394871794871795,0.551062091503268,0.0,3812,975
purged_embargoed,5,global_max,4,5,0.4430769230769231,0.5837418300653595,0.5394871794871795,0.551062091503268,0.0,3812,975
purged_embargoed,5,train_only,4,5,0.4707692307692308,0.641748366013072,0.5394871794871795,0.551062091503268,0.0,3812,975
purged_embargoed,5,global_max,4,6,0.521025641025641,0.5894607843137255,0.5394871794871795,0.551062091503268,0.0,3812,975
purged_embargoed,5,train_only,4,6,0.4605128205128205,0.6345996732026143,0.5394871794871795,0.551062091503268,0.0,3812,975
purged_embargoed,5,global_max,4,7,0.49435897435897436,0.5888480392156863,0.5394871794871795,0.551062091503268,0.0,3812,975
purged_embargoed,5,train_only,4,7,0.4605128205128205,0.5890522875816994,0.5394871794871795,0.551062091503268,0.0,3812,975
purged_embargoed,5,global_max,4,8,0.4728205128205128,0.577001633986928,0.5394871794871795,0.551062091503268,0.0,3812,975
purged_embargoed,5,train_only,4,8,0.48307692307692307,0.636437908496732,0.5394871794871795,0.551062091503268,0.0,3812,975
purged_embargoed,5,global_max,4,9,0.5076923076923077,0.5853758169934641,0.5394871794871795,0.551062091503268,0.0,3812,975
purged_embargoed,5,train_only,4,9,0.5046153846153846,0.6113153594771242,0.5394871794871795,0.551062091503268,0.0,3812,975
purged_embargoed,10,global_max,4,0,0.32610939112487103,0.6158249846657126,0.4148606811145511,0.3943978736454713,0.0,3803,969
purged_embargoed,10,train_only,4,0,0.3539731682146543,0.6491515027601718,0.4148606811145511,0.3943978736454713,0.0,3803,969
purged_embargoed,10,global_max,4,1,0.3591331269349845,0.6070333265180945,0.4148606811145511,0.3943978736454713,0.0,3803,969
purged_embargoed,10,train_only,4,1,0.3632610939112487,0.6587609895726845,0.4148606811145511,0.3943978736454713,0.0,3803,969
purged_embargoed,10,global_max,4,2,0.31991744066047473,0.6193007564915151,0.4148606811145511,0.3943978736454713,0.0,3803,969
purged_embargoed,10,train_only,4,2,0.3157894736842105,0.6374974442854222,0.4148606811145511,0.3943978736454713,0.0,3803,969
purged_embargoed,10,global_max,4,3,0.27657378740970073,0.562461664281333,0.4148606811145511,0.3943978736454713,0.0,3803,969
purged_embargoed,10,train_only,4,3,0.3384932920536636,0.6152116131670415,0.4148606811145511,0.3943978736454713,0.0,3803,969
purged_embargoed,10,global_max,4,4,0.2528379772961816,0.5996728685340421,0.4148606811145511,0.3943978736454713,0.0,3803,969
purged_embargoed,10,train_only,4,4,0.3395252837977296,0.6591699039051319,0.4148606811145511,0.3943978736454713,0.0,3803,969
purged_embargoed,10,global_max,4,5,0.2755417956656347,0.6293191576364752,0.4148606811145511,0.3943978736454713,0.0,3803,969
purged_embargoed,10,train_only,4,5,0.37874097007223945,0.6638724187282764,0.4148606811145511,0.3943978736454713,0.0,3803,969
purged_embargoed,10,global_max,4,6,0.3395252837977296,0.6205274994888571,0.4148606811145511,0.3943978736454713,0.0,3803,969
purged_embargoed,10,train_only,4,6,0.36635706914344685,0.6734819055407892,0.4148606811145511,0.3943978736454713,0.0,3803,969
purged_embargoed,10,global_max,4,7,0.27966976264189886,0.5798405234103455,0.4148606811145511,0.3943978736454713,0.0,3803,969
purged_embargoed,10,train_only,4,7,0.3931888544891641,0.6792067061950522,0.4148606811145511,0.3943978736454713,0.0,3803,969
purged_embargoed,10,global_max,4,8,0.23426212590299278,0.48701696994479654,0.4148606811145511,0.3943978736454713,0.0,3803,969
purged_embargoed,10,train_only,4,8,0.3797729618163055,0.6456757309343693,0.4148606811145511,0.3943978736454713,0.0,3803,969
purged_embargoed,10,global_max,4,9,0.3240454076367389,0.5097117153956247,0.4148606811145511,0.3943978736454713,0.0,3803,969
purged_embargoed,10,train_only,4,9,0.3137254901960784,0.6403598446125537,0.4148606811145511,0.3943978736454713,0.0,3803,969
purged_embargoed,20,global_max,4,0,0.24660397074190177,0.6080721163695963,0.44200626959247646,0.3855767260807212,0.0,3785,957
purged_embargoed,20,train_only,4,0,0.3458725182863114,0.6297889776685105,0.44200626959247646,0.3855767260807212,0.0,3785,957
purged_embargoed,20,global_max,4,1,0.2601880877742947,0.6693300553165334,0.44200626959247646,0.3855767260807212,0.0,3785,957
purged_embargoed,20,train_only,4,1,0.33019853709508884,0.6734275763163287,0.44200626959247646,0.3855767260807212,0.0,3785,957
purged_embargoed,20,global_max,4,2,0.24346917450365727,0.6533497234173326,0.44200626959247646,0.3855767260807212,0.0,3785,957
purged_embargoed,20,train_only,4,2,0.2612330198537095,0.6592911288670354,0.44200626959247646,0.3855767260807212,0.0,3785,957
purged_embargoed,20,global_max,4,3,0.3187042842215256,0.6668715427166564,0.44200626959247646,0.3855767260807212,0.0,3785,957
purged_embargoed,20,train_only,4,3,0.3375130616509927,0.692481048965376,0.44200626959247646,0.3855767260807212,0.0,3785,957
purged_embargoed,20,global_max,4,4,0.26436781609195403,0.6558082360172096,0.44200626959247646,0.3855767260807212,0.0,3785,957
purged_embargoed,20,train_only,4,4,0.2946708463949843,0.6998565867650072,0.44200626959247646,0.3855767260807212,0.0,3785,957
purged_embargoed,20,global_max,4,5,0.26959247648902823,0.6586765007170662,0.44200626959247646,0.3855767260807212,0.0,3785,957
purged_embargoed,20,train_only,4,5,0.33646812957157785,0.6443351772177832,0.44200626959247646,0.3855767260807212,0.0,3785,957
purged_embargoed,20,global_max,4,6,0.25914315569487983,0.6246670764187666,0.44200626959247646,0.3855767260807212,0.0,3785,957
purged_embargoed,20,train_only,4,6,0.30407523510971785,0.7051833640647408,0.44200626959247646,0.3855767260807212,0.0,3785,957
purged_embargoed,20,global_max,4,7,0.29780564263322884,0.652120467117394,0.44200626959247646,0.3855767260807212,0.0,3785,957
purged_embargoed,20,train_only,4,7,0.3051201671891327,0.6484326982175783,0.44200626959247646,0.3855767260807212,0.0,3785,957
purged_embargoed,20,global_max,4,8,0.23406478578892373,0.6250768285187461,0.44200626959247646,0.3855767260807212,0.0,3785,957
purged_embargoed,20,train_only,4,8,0.3218390804597701,0.6988322065150584,0.44200626959247646,0.3855767260807212,0.0,3785,957
purged_embargoed,20,global_max,4,9,0.3960292580982236,0.4746978078262651,0.44200626959247646,0.3855767260807212,0.0,3785,957
purged_embargoed,20,train_only,4,9,0.33019853709508884,0.6574472444171277,0.44200626959247646,0.3855767260807212,0.0,3785,957
random_split,5,global_max,4,0,0.5489795918367347,0.5855800653594772,0.5591836734693878,0.551062091503268,1.0,3916,980
random_split,5,train_only,4,0,0.55,0.5774101307189542,0.5591836734693878,0.551062091503268,1.0,3916,980
random_split,5,global_max,4,1,0.5510204081632653,0.5571895424836601,0.5510204081632653,0.551062091503268,1.0,3916,980
random_split,5,train_only,4,1,0.5244897959183673,0.5843545751633987,0.5510204081632653,0.551062091503268,1.0,3916,980
random_split,5,global_max,4,2,0.5744897959183674,0.5941584967320261,0.5540816326530612,0.551062091503268,1.0,3916,980
random_split,5,train_only,4,2,0.5724489795918367,0.5970179738562091,0.5540816326530612,0.551062091503268,1.0,3916,980
random_split,5,global_max,4,3,0.539795918367347,0.5716911764705882,0.5591836734693878,0.551062091503268,1.0,3916,980
random_split,5,train_only,4,3,0.5704081632653061,0.5980392156862745,0.5591836734693878,0.551062091503268,1.0,3916,980
random_split,5,global_max,4,4,0.5653061224489796,0.5837418300653595,0.5551020408163265,0.551062091503268,1.0,3916,980
random_split,5,train_only,4,4,0.5581632653061225,0.5863970588235294,0.5551020408163265,0.551062091503268,1.0,3916,980
random_split,5,global_max,4,5,0.5326530612244897,0.5831290849673203,0.5377551020408163,0.551062091503268,1.0,3916,980
random_split,5,train_only,4,5,0.560204081632653,0.6362336601307189,0.5377551020408163,0.551062091503268,1.0,3916,980
random_split,5,global_max,4,6,0.5622448979591836,0.5870098039215687,0.5479591836734694,0.551062091503268,1.0,3916,980
random_split,5,train_only,4,6,0.5806122448979592,0.6509395424836601,0.5479591836734694,0.551062091503268,1.0,3916,980
random_split,5,global_max,4,7,0.5683673469387756,0.5978349673202614,0.5346938775510204,0.551062091503268,1.0,3916,980
random_split,5,train_only,4,7,0.576530612244898,0.6233660130718954,0.5346938775510204,0.551062091503268,1.0,3916,980
random_split,5,global_max,4,8,0.5530612244897959,0.5949754901960784,0.5591836734693878,0.551062091503268,1.0,3916,980
random_split,5,train_only,4,8,0.5846938775510204,0.6229575163398693,0.5591836734693878,0.551062091503268,1.0,3916,980
random_split,5,global_max,4,9,0.5540816326530612,0.5847630718954249,0.5469387755102041,0.551062091503268,1.0,3916,980
random_split,5,train_only,4,9,0.5459183673469388,0.6233660130718954,0.5469387755102041,0.551062091503268,1.0,3916,980
random_split,10,global_max,4,0,0.5536261491317671,0.582702923737477,0.37895812053115424,0.3943978736454713,1.0,3912,979
random_split,10,train_only,4,0,0.5771195097037793,0.5865876098957269,0.37895812053115424,0.3943978736454713,1.0,3912,979
random_split,10,global_max,4,1,0.5352400408580184,0.5520343488039255,0.36465781409601633,0.3943978736454713,1.0,3912,979
random_split,10,train_only,4,1,0.6261491317671093,0.6751175628705787,0.36465781409601633,0.3943978736454713,1.0,3912,979
random_split,10,global_max,4,2,0.5955056179775281,0.6745041913719075,0.38508682328907046,0.3943978736454713,1.0,3912,979
random_split,10,train_only,4,2,0.6373850868232891,0.6910652218360254,0.38508682328907046,0.3943978736454713,1.0,3912,979
random_split,10,global_max,4,3,0.6159346271705822,0.6753220200368023,0.38202247191011235,0.3943978736454713,1.0,3912,979
random_split,10,train_only,4,3,0.6108273748723186,0.6530361889184216,0.38202247191011235,0.3943978736454713,1.0,3912,979
random_split,10,global_max,4,4,0.5903983656792645,0.6131670415048047,0.40755873340143,0.3943978736454713,1.0,3912,979
random_split,10,train_only,4,4,0.6138917262512769,0.6648947045593948,0.40755873340143,0.3943978736454713,1.0,3912,979
random_split,10,global_max,4,5,0.5740551583248212,0.6115313841750153,0.3452502553626149,0.3943978736454713,1.0,3912,979
random_split,10,train_only,4,5,0.6659856996935649,0.717849110611327,0.3452502553626149,0.3943978736454713,1.0,3912,979
random_split,10,global_max,4,6,0.6332992849846782,0.6904518503373543,0.3769152196118488,0.3943978736454713,1.0,3912,979
random_split,10,train_only,4,6,0.6639427987742594,0.7113064812921693,0.3769152196118488,0.3943978736454713,1.0,3912,979
random_split,10,global_max,4,7,0.6128702757916241,0.6667348190554079,0.40551583248212464,0.3943978736454713,1.0,3912,979
random_split,10,train_only,4,7,0.5903983656792645,0.6450623594356982,0.40551583248212464,0.3943978736454713,1.0,3912,979
random_split,10,global_max,4,8,0.5209397344228804,0.5810672664076876,0.41266598569969354,0.3943978736454713,1.0,3912,979
random_split,10,train_only,4,8,0.6424923391215526,0.6794111633612758,0.41266598569969354,0.3943978736454713,1.0,3912,979
random_split,10,global_max,4,9,0.5178753830439223,0.5297485176855449,0.4004085801838611,0.3943978736454713,1.0,3912,979
random_split,10,train_only,4,9,0.5944841675178754,0.6614189327335923,0.4004085801838611,0.3943978736454713,1.0,3912,979
random_split,20,global_max,4,0,0.7185261003070624,0.7281294816635935,0.38792221084953943,0.3855767260807212,1.0,3904,977
random_split,20,train_only,4,0,0.6939611054247697,0.7133784060643311,0.38792221084953943,0.3855767260807212,1.0,3904,977
random_split,20,global_max,4,1,0.6294779938587513,0.662978897766851,0.3961105424769703,0.3855767260807212,1.0,3904,977
random_split,20,train_only,4,1,0.7226202661207779,0.7684900635115754,0.3961105424769703,0.3855767260807212,1.0,3904,977
random_split,20,global_max,4,2,0.6878198567041965,0.7125589018643721,0.3694984646878199,0.3855767260807212,1.0,3904,977
random_split,20,train_only,4,2,0.7349027635619243,0.7750460971112477,0.3694984646878199,0.3855767260807212,1.0,3904,977
random_split,20,global_max,4,3,0.5250767656090072,0.5298094652735095,0.37461617195496416,0.3855767260807212,1.0,3904,977
random_split,20,train_only,4,3,0.7553735926305015,0.7863142798606843,0.37461617195496416,0.3855767260807212,1.0,3904,977
random_split,20,global_max,4,4,0.4483111566018424,0.4619954927269002,0.4002047082906858,0.3855767260807212,1.0,3904,977
random_split,20,train_only,4,4,0.7175025588536336,0.7566072526121697,0.4002047082906858,0.3855767260807212,1.0,3904,977
random_split,20,global_max,4,5,0.7093142272262026,0.7447244417127638,0.39201637666325484,0.3855767260807212,1.0,3904,977
random_split,20,train_only,4,5,0.7389969293756398,0.7977873386601106,0.39201637666325484,0.3855767260807212,1.0,3904,977
random_split,20,global_max,4,6,0.7031729785056294,0.7346855152632658,0.39201637666325484,0.3855767260807212,1.0,3904,977
random_split,20,train_only,4,6,0.7031729785056294,0.7367342757631633,0.39201637666325484,0.3855767260807212,1.0,3904,977
random_split,20,global_max,4,7,0.6816786079836233,0.6992419586150379,0.4022517911975435,0.3855767260807212,1.0,3904,977
random_split,20,train_only,4,7,0.714431934493347,0.7723827084613809,0.4022517911975435,0.3855767260807212,1.0,3904,977
random_split,20,global_max,4,8,0.6571136131013307,0.6969883220651506,0.39815762538382804,0.3855767260807212,1.0,3904,977
random_split,20,train_only,4,8,0.7246673490276356,0.7561975005121901,0.39815762538382804,0.3855767260807212,1.0,3904,977
random_split,20,global_max,4,9,0.706243602865916,0.7557877484122106,0.3725690890481064,0.3855767260807212,1.0,3904,977
random_split,20,train_only,4,9,0.72978505629478,0.7850850235607457,0.3725690890481064,0.3855767260807212,1.0,3904,977
