protocol,horizon,sim_seed,seed,val_acc,full_acc,val_majority,full_majority,overlap_fraction,n_train,n_val
chronological,5,0,0,0.3979591836734694,0.5277777777777778,0.55,0.5465686274509803,0.10612244897959183,3916,980
chronological,5,0,1,0.4887755102040816,0.565359477124183,0.55,0.5465686274509803,0.10612244897959183,3916,980
chronological,5,0,2,0.5387755102040817,0.565359477124183,0.55,0.5465686274509803,0.10612244897959183,3916,980
chronological,5,0,3,0.5316326530612245,0.5612745098039216,0.55,0.5465686274509803,0.10612244897959183,3916,980
chronological,5,0,4,0.3520408163265306,0.4571078431372549,0.55,0.5465686274509803,0.10612244897959183,3916,980
chronological,5,0,5,0.536734693877551,0.5647467320261438,0.55,0.5465686274509803,0.10612244897959183,3916,980
chronological,5,0,6,0.5153061224489796,0.588031045751634,0.55,0.5465686274509803,0.10612244897959183,3916,980
chronological,5,0,7,0.503061224489796,0.5996732026143791,0.55,0.5465686274509803,0.10612244897959183,3916,980
chronological,5,0,8,0.5214285714285715,0.5580065359477124,0.55,0.5465686274509803,0.10612244897959183,3916,980
chronological,5,0,9,0.5346938775510204,0.556781045751634,0.55,0.5465686274509803,0.10612244897959183,3916,980
chronological,5,0,10,0.5244897959183673,0.579452614379085,0.55,0.5465686274509803,0.10612244897959183,3916,980
chronological,5,0,11,0.5020408163265306,0.5737336601307189,0.55,0.5465686274509803,0.10612244897959183,3916,980
chronological,5,0,12,0.5061224489795918,0.5674019607843137,0.55,0.5465686274509803,0.10612244897959183,3916,980
chronological,5,0,13,0.503061224489796,0.5776143790849673,0.55,0.5465686274509803,0.10612244897959183,3916,980
chronological,5,0,14,0.5265306122448979,0.5917075163398693,0.55,0.5465686274509803,0.10612244897959183,3916,980
chronological,5,0,15,0.5510204081632653,0.5680147058823529,0.55,0.5465686274509803,0.10612244897959183,3916,980
chronological,5,0,16,0.47653061224489796,0.5845588235294118,0.55,0.5465686274509803,0.10612244897959183,3916,980
chronological,5,0,17,0.5122448979591837,0.5749591503267973,0.55,0.5465686274509803,0.10612244897959183,3916,980
chronological,5,0,18,0.5265306122448979,0.5543300653594772,0.55,0.5465686274509803,0.10612244897959183,3916,980
chronological,5,0,19,0.46224489795918366,0.5951797385620915,0.55,0.5465686274509803,0.10612244897959183,3916,980
chronological,5,1,0,0.5061224489795918,0.5747549019607843,0.5336734693877551,0.5449346405228758,0.10612244897959183,3916,980
chronological,5,1,1,0.5357142857142857,0.5473856209150327,0.5336734693877551,0.5449346405228758,0.10612244897959183,3916,980
chronological,5,1,2,0.5346938775510204,0.5459558823529411,0.5336734693877551,0.5449346405228758,0.10612244897959183,3916,980
chronological,5,1,3,0.4142857142857143,0.5522875816993464,0.5336734693877551,0.5449346405228758,0.10612244897959183,3916,980
chronological,5,1,4,0.5275510204081633,0.5535130718954249,0.5336734693877551,0.5449346405228758,0.10612244897959183,3916,980
chronological,5,1,5,0.49489795918367346,0.5600490196078431,0.5336734693877551,0.5449346405228758,0.10612244897959183,3916,980
chronological,5,1,6,0.4959183673469388,0.5543300653594772,0.5336734693877551,0.5449346405228758,0.10612244897959183,3916,980
chronological,5,1,7,0.42959183673469387,0.5279820261437909,0.5336734693877551,0.5449346405228758,0.10612244897959183,3916,980
chronological,5,1,8,0.5091836734693878,0.5727124183006536,0.5336734693877551,0.5449346405228758,0.10612244897959183,3916,980
chronological,5,1,9,0.5326530612244897,0.5475898692810458,0.5336734693877551,0.5449346405228758,0.10612244897959183,3916,980
chronological,5,1,10,0.5265306122448979,0.5555555555555556,0.5336734693877551,0.5449346405228758,0.10612244897959183,3916,980
chronological,5,1,11,0.4897959183673469,0.5714869281045751,0.5336734693877551,0.5449346405228758,0.10612244897959183,3916,980
chronological,5,1,12,0.4969387755102041,0.5655637254901961,0.5336734693877551,0.5449346405228758,0.10612244897959183,3916,980
chronological,5,1,13,0.4030612244897959,0.5042892156862745,0.5336734693877551,0.5449346405228758,0.10612244897959183,3916,980
chronological,5,1,14,0.49081632653061225,0.5855800653594772,0.5336734693877551,0.5449346405228758,0.10612244897959183,3916,980
chronological,5,1,15,0.49183673469387756,0.5712826797385621,0.5336734693877551,0.5449346405228758,0.10612244897959183,3916,980
chronological,5,1,16,0.48367346938775513,0.5704656862745098,0.5336734693877551,0.5449346405228758,0.10612244897959183,3916,980
chronological,5,1,17,0.2510204081632653,0.318218954248366,0.5336734693877551,0.5449346405228758,0.10612244897959183,3916,980
chronological,5,1,18,0.5122448979591837,0.5696486928104575,0.5336734693877551,0.5449346405228758,0.10612244897959183,3916,980
chronological,5,1,19,0.5020408163265306,0.5578022875816994,0.5336734693877551,0.5449346405228758,0.10612244897959183,3916,980
chronological,5,2,0,0.536734693877551,0.5639297385620915,0.5887755102040816,0.551062091503268,0.10612244897959183,3916,980
chronological,5,2,1,0.5204081632653061,0.5870098039215687,0.5887755102040816,0.551062091503268,0.10612244897959183,3916,980
chronological,5,2,2,0.5428571428571428,0.5810866013071896,0.5887755102040816,0.551062091503268,0.10612244897959183,3916,980
chronological,5,2,3,0.4714285714285714,0.5870098039215687,0.5887755102040816,0.551062091503268,0.10612244897959183,3916,980
chronological,5,2,4,0.5622448979591836,0.5819035947712419,0.5887755102040816,0.551062091503268,0.10612244897959183,3916,980
chronological,5,2,5,0.4959183673469388,0.5723039215686274,0.5887755102040816,0.551062091503268,0.10612244897959183,3916,980
chronological,5,2,6,0.5612244897959183,0.5816993464052288,0.5887755102040816,0.551062091503268,0.10612244897959183,3916,980
chronological,5,2,7,0.5459183673469388,0.5765931372549019,0.5887755102040816,0.551062091503268,0.10612244897959183,3916,980
chronological,5,2,8,0.5346938775510204,0.5676062091503268,0.5887755102040816,0.551062091503268,0.10612244897959183,3916,980
chronological,5,2,9,0.5204081632653061,0.5884395424836601,0.5887755102040816,0.551062091503268,0.10612244897959183,3916,980
chronological,5,2,10,0.4775510204081633,0.5686274509803921,0.5887755102040816,0.551062091503268,0.10612244897959183,3916,980
chronological,5,2,11,0.5346938775510204,0.5743464052287581,0.5887755102040816,0.551062091503268,0.10612244897959183,3916,980
chronological,5,2,12,0.4663265306122449,0.5700571895424836,0.5887755102040816,0.551062091503268,0.10612244897959183,3916,980
chronological,5,2,13,0.5540816326530612,0.5765931372549019,0.5887755102040816,0.551062091503268,0.10612244897959183,3916,980
chronological,5,2,14,0.5479591836734694,0.5861928104575164,0.5887755102040816,0.551062091503268,0.10612244897959183,3916,980
chronological,5,2,15,0.523469387755102,0.5806781045751634,0.5887755102040816,0.551062091503268,0.10612244897959183,3916,980
chronological,5,2,16,0.5255102040816326,0.6055964052287581,0.5887755102040816,0.551062091503268,0.10612244897959183,3916,980
chronological,5,2,17,0.5469387755102041,0.5796568627450981,0.5887755102040816,0.551062091503268,0.10612244897959183,3916,980
chronological,5,2,18,0.5255102040816326,0.6029411764705882,0.5887755102040816,0.551062091503268,0.10612244897959183,3916,980
chronological,5,2,19,0.41020408163265304,0.5827205882352942,0.5887755102040816,0.551062091503268,0.10612244897959183,3916,980
chronological,5,3,0,0.5153061224489796,0.5678104575163399,0.5448979591836735,0.5343137254901961,0.10612244897959183,3916,980
chronological,5,3,1,0.41020408163265304,0.5304330065359477,0.5448979591836735,0.5343137254901961,0.10612244897959183,3916,980
chronological,5,3,2,0.5153061224489796,0.5863970588235294,0.5448979591836735,0.5343137254901961,0.10612244897959183,3916,980
chronological,5,3,3,0.5224489795918368,0.5537173202614379,0.5448979591836735,0.5343137254901961,0.10612244897959183,3916,980
chronological,5,3,4,0.4816326530612245,0.6006944444444444,0.5448979591836735,0.5343137254901961,0.10612244897959183,3916,980
chronological,5,3,5,0.45,0.5912990196078431,0.5448979591836735,0.5343137254901961,0.10612244897959183,3916,980
chronological,5,3,6,0.4704081632653061,0.5614787581699346,0.5448979591836735,0.5343137254901961,0.10612244897959183,3916,980
chronological,5,3,7,0.41836734693877553,0.5620915032679739,0.5448979591836735,0.5343137254901961,0.10612244897959183,3916,980
chronological,5,3,8,0.463265306122449,0.5935457516339869,0.5448979591836735,0.5343137254901961,0.10612244897959183,3916,980
chronological,5,3,9,0.513265306122449,0.5698529411764706,0.5448979591836735,0.5343137254901961,0.10612244897959183,3916,980
chronological,5,3,10,0.4561224489795918,0.5968137254901961,0.5448979591836735,0.5343137254901961,0.10612244897959183,3916,980
chronological,5,3,11,0.45510204081632655,0.6125408496732027,0.5448979591836735,0.5343137254901961,0.10612244897959183,3916,980
chronological,5,3,12,0.4969387755102041,0.5631127450980392,0.5448979591836735,0.5343137254901961,0.10612244897959183,3916,980
chronological,5,3,13,0.376530612244898,0.5116421568627451,0.5448979591836735,0.5343137254901961,0.10612244897959183,3916,980
chronological,5,3,14,0.48673469387755103,0.5735294117647058,0.5448979591836735,0.5343137254901961,0.10612244897959183,3916,980
chronological,5,3,15,0.4459183673469388,0.5853758169934641,0.5448979591836735,0.5343137254901961,0.10612244897959183,3916,980
chronological,5,3,16,0.5061224489795918,0.5588235294117647,0.5448979591836735,0.5343137254901961,0.10612244897959183,3916,980
chronological,5,3,17,0.4816326530612245,0.5866013071895425,0.5448979591836735,0.5343137254901961,0.10612244897959183,3916,980
chronological,5,3,18,0.4561224489795918,0.5772058823529411,0.5448979591836735,0.5343137254901961,0.10612244897959183,3916,980
chronological,5,3,19,0.47244897959183674,0.5900735294117647,0.5448979591836735,0.5343137254901961,0.10612244897959183,3916,980
chronological,5,4,0,0.4459183673469388,0.5849673202614379,0.5418367346938775,0.551062091503268,0.10612244897959183,3916,980
chronological,5,4,1,0.47346938775510206,0.5980392156862745,0.5418367346938775,0.551062091503268,0.10612244897959183,3916,980
chronological,5,4,2,0.463265306122449,0.5837418300653595,0.5418367346938775,0.551062091503268,0.10612244897959183,3916,980
chronological,5,4,3,0.4387755102040816,0.5631127450980392,0.5418367346938775,0.551062091503268,0.10612244897959183,3916,980
chronological,5,4,4,0.37551020408163266,0.5202205882352942,0.5418367346938775,0.551062091503268,0.10612244897959183,3916,980
chronological,5,4,5,0.4928571428571429,0.6113153594771242,0.5418367346938775,0.551062091503268,0.10612244897959183,3916,980
chronological,5,4,6,0.4846938775510204,0.6004901960784313,0.5418367346938775,0.551062091503268,0.10612244897959183,3916,980
chronological,5,4,7,0.4030612244897959,0.5486111111111112,0.5418367346938775,0.551062091503268,0.10612244897959183,3916,980
chronological,5,4,8,0.4418367346938776,0.5786356209150327,0.5418367346938775,0.551062091503268,0.10612244897959183,3916,980
chronological,5,4,9,0.42142857142857143,0.5467728758169934,0.5418367346938775,0.551062091503268,0.10612244897959183,3916,980
chronological,5,4,10,0.5061224489795918,0.5917075163398693,0.5418367346938775,0.551062091503268,0.10612244897959183,3916,980
chronological,5,4,11,0.42448979591836733,0.5802696078431373,0.5418367346938775,0.551062091503268,0.10612244897959183,3916,980
chronological,5,4,12,0.4959183673469388,0.5927287581699346,0.5418367346938775,0.551062091503268,0.10612244897959183,3916,980
chronological,5,4,13,0.40714285714285714,0.5555555555555556,0.5418367346938775,0.551062091503268,0.10612244897959183,3916,980
chronological,5,4,14,0.4887755102040816,0.5945669934640523,0.5418367346938775,0.551062091503268,0.10612244897959183,3916,980
chronological,5,4,15,0.4346938775510204,0.5761846405228758,0.5418367346938775,0.551062091503268,0.10612244897959183,3916,980
chronological,5,4,16,0.4673469387755102,0.5951797385620915,0.5418367346938775,0.551062091503268,0.10612244897959183,3916,980
chronological,5,4,17,0.4816326530612245,0.5833333333333334,0.5418367346938775,0.551062091503268,0.10612244897959183,3916,980
chronological,5,4,18,0.5346938775510204,0.5706699346405228,0.5418367346938775,0.551062091503268,0.10612244897959183,3916,980
chronological,5,4,19,0.5020408163265306,0.5929330065359477,0.5418367346938775,0.551062091503268,0.10612244897959183,3916,980
chronological,10,0,0,0.4024514811031665,0.6195052136577387,0.4290091930541369,0.40298507462686567,0.11133810010214505,3912,979
chronological,10,0,1,0.34627170582226763,0.6469024739317113,0.4290091930541369,0.40298507462686567,0.11133810010214505,3912,979
chronological,10,0,2,0.41062308478038817,0.6403598446125537,0.4290091930541369,0.40298507462686567,0.11133810010214505,3912,979
chronological,10,0,3,0.34933605720122574,0.6446534451032508,0.4290091930541369,0.40298507462686567,0.11133810010214505,3912,979
chronological,10,0,4,0.3125638406537283,0.4522592516867716,0.4290091930541369,0.40298507462686567,0.11133810010214505,3912,979
chronological,10,0,5,0.3442288049029622,0.5506031486403599,0.4290091930541369,0.40298507462686567,0.11133810010214505,3912,979
chronological,10,0,6,0.4065372829417773,0.6534451032508689,0.4290091930541369,0.40298507462686567,0.11133810010214505,3912,979
chronological,10,0,7,0.35240040858018384,0.475362911470047,0.4290091930541369,0.40298507462686567,0.11133810010214505,3912,979
chronological,10,0,8,0.35137895812053116,0.5571457779595175,0.4290091930541369,0.40298507462686567,0.11133810010214505,3912,979
chronological,10,0,9,0.3748723186925434,0.5587814352893069,0.4290091930541369,0.40298507462686567,0.11133810010214505,3912,979
chronological,10,0,10,0.3595505617977528,0.41014107544469436,0.4290091930541369,0.40298507462686567,0.11133810010214505,3912,979
chronological,10,0,11,0.3442288049029622,0.597219382539358,0.4290091930541369,0.40298507462686567,0.11133810010214505,3912,979
chronological,10,0,12,0.34933605720122574,0.5894500102228583,0.4290091930541369,0.40298507462686567,0.11133810010214505,3912,979
chronological,10,0,13,0.39632277834525026,0.5986505827029237,0.4290091930541369,0.40298507462686567,0.11133810010214505,3912,979
chronological,10,0,14,0.41266598569969354,0.6205274994888571,0.4290091930541369,0.40298507462686567,0.11133810010214505,3912,979
chronological,10,0,15,0.2931562819203269,0.47863422612962586,0.4290091930541369,0.40298507462686567,0.11133810010214505,3912,979
chronological,10,0,16,0.33299284984678246,0.5702310365978328,0.4290091930541369,0.40298507462686567,0.11133810010214505,3912,979
chronological,10,0,17,0.3983656792645557,0.618074013494173,0.4290091930541369,0.40298507462686567,0.11133810010214505,3912,979
chronological,10,0,18,0.3830439223697651,0.6260478429768963,0.4290091930541369,0.40298507462686567,0.11133810010214505,3912,979
chronological,10,0,19,0.3615934627170582,0.5041913719075853,0.4290091930541369,0.40298507462686567,0.11133810010214505,3912,979
chronological,10,1,0,0.35444330949948927,0.4960130852586383,0.37589376915219613,0.3931711306481292,0.11133810010214505,3912,979
chronological,10,1,1,0.36670071501532175,0.618074013494173,0.37589376915219613,0.3931711306481292,0.11133810010214505,3912,979
chronological,10,1,2,0.33299284984678246,0.6004906971989368,0.37589376915219613,0.3931711306481292,0.11133810010214505,3912,979
chronological,10,1,3,0.33605720122574056,0.554896749131057,0.37589376915219613,0.3931711306481292,0.11133810010214505,3912,979
chronological,10,1,4,0.3350357507660878,0.5303618891842159,0.37589376915219613,0.3931711306481292,0.11133810010214505,3912,979
chronological,10,1,5,0.33707865168539325,0.5810672664076876,0.37589376915219613,0.3931711306481292,0.11133810010214505,3912,979
chronological,10,1,6,0.34627170582226763,0.6154160703332652,0.37589376915219613,0.3931711306481292,0.11133810010214505,3912,979
chronological,10,1,7,0.3421859039836568,0.6246166428133306,0.37589376915219613,0.3931711306481292,0.11133810010214505,3912,979
chronological,10,1,8,0.3575076608784474,0.583316295236148,0.37589376915219613,0.3931711306481292,0.11133810010214505,3912,979
chronological,10,1,9,0.31562819203268644,0.5058270292373748,0.37589376915219613,0.3931711306481292,0.11133810010214505,3912,979
chronological,10,1,10,0.34933605720122574,0.5923124105499897,0.37589376915219613,0.3931711306481292,0.11133810010214505,3912,979
chronological,10,1,11,0.3432073544433095,0.5201390308730321,0.37589376915219613,0.3931711306481292,0.11133810010214505,3912,979
chronological,10,1,12,0.3575076608784474,0.5792271519116745,0.37589376915219613,0.3931711306481292,0.11133810010214505,3912,979
chronological,10,1,13,0.32482124616956076,0.5773870374156614,0.37589376915219613,0.3931711306481292,0.11133810010214505,3912,979
chronological,10,1,14,0.3391215526046987,0.5056225720711511,0.37589376915219613,0.3931711306481292,0.11133810010214505,3912,979
chronological,10,1,15,0.313585291113381,0.5708444080965038,0.37589376915219613,0.3931711306481292,0.11133810010214505,3912,979
chronological,10,1,16,0.36567926455566907,0.5804538949090166,0.37589376915219613,0.3931711306481292,0.11133810010214505,3912,979
chronological,10,1,17,0.36670071501532175,0.6211408709875281,0.37589376915219613,0.3931711306481292,0.11133810010214505,3912,979
chronological,10,1,18,0.3350357507660878,0.595992639542016,0.37589376915219613,0.3931711306481292,0.11133810010214505,3912,979
chronological,10,1,19,0.31562819203268644,0.6021263545287262,0.37589376915219613,0.3931711306481292,0.11133810010214505,3912,979
chronological,10,2,0,0.4136874361593463,0.6074422408505418,0.4371807967313585,0.4003271314659579,0.11133810010214505,3912,979
chronological,10,2,1,0.37895812053115424,0.6150071560008178,0.4371807967313585,0.4003271314659579,0.11133810010214505,3912,979
chronological,10,2,2,0.3432073544433095,0.6070333265180945,0.4371807967313585,0.4003271314659579,0.11133810010214505,3912,979
chronological,10,2,3,0.33707865168539325,0.6162338989981598,0.4371807967313585,0.4003271314659579,0.11133810010214505,3912,979
chronological,10,2,4,0.3564862104187947,0.6301369863013698,0.4371807967313585,0.4003271314659579,0.11133810010214505,3912,979
chronological,10,2,5,0.31971399387129723,0.6084645266816602,0.4371807967313585,0.4003271314659579,0.11133810010214505,3912,979
chronological,10,2,6,0.33401430030643514,0.6272745859742384,0.4371807967313585,0.4003271314659579,0.11133810010214505,3912,979
chronological,10,2,7,0.3769152196118488,0.6260478429768963,0.4371807967313585,0.4003271314659579,0.11133810010214505,3912,979
chronological,10,2,8,0.3391215526046987,0.6027397260273972,0.4371807967313585,0.4003271314659579,0.11133810010214505,3912,979
chronological,10,2,9,0.2982635342185904,0.5714577795951749,0.4371807967313585,0.4003271314659579,0.11133810010214505,3912,979
chronological,10,2,10,0.30745658835546474,0.5869965242281742,0.4371807967313585,0.4003271314659579,0.11133810010214505,3912,979
chronological,10,2,11,0.4484167517875383,0.5949703537108976,0.4371807967313585,0.4003271314659579,0.11133810010214505,3912,979
chronological,10,2,12,0.3983656792645557,0.6127581271723573,0.4371807967313585,0.4003271314659579,0.11133810010214505,3912,979
chronological,10,2,13,0.3350357507660878,0.5714577795951749,0.4371807967313585,0.4003271314659579,0.11133810010214505,3912,979
chronological,10,2,14,0.36363636363636365,0.5753424657534246,0.4371807967313585,0.4003271314659579,0.11133810010214505,3912,979
chronological,10,2,15,0.32788559754851887,0.6258433858106727,0.4371807967313585,0.4003271314659579,0.11133810010214505,3912,979
chronological,10,2,16,0.3391215526046987,0.5927213248824371,0.4371807967313585,0.4003271314659579,0.11133810010214505,3912,979
chronological,10,2,17,0.3319713993871297,0.5178900020445717,0.4371807967313585,0.4003271314659579,0.11133810010214505,3912,979
chronological,10,2,18,0.34933605720122574,0.5735023512574116,0.4371807967313585,0.4003271314659579,0.11133810010214505,3912,979
chronological,10,2,19,0.3861082737487232,0.5690042936004907,0.4371807967313585,0.4003271314659579,0.11133810010214505,3912,979
chronological,10,3,0,0.3595505617977528,0.6170517276630546,0.42083758937691523,0.3937845021468002,0.11133810010214505,3912,979
chronological,10,3,1,0.34831460674157305,0.6113269270087917,0.42083758937691523,0.3937845021468002,0.11133810010214505,3912,979
chronological,10,3,2,0.3166496424923391,0.5240237170312819,0.42083758937691523,0.3937845021468002,0.11133810010214505,3912,979
chronological,10,3,3,0.29111338100102147,0.5996728685340421,0.42083758937691523,0.3937845021468002,0.11133810010214505,3912,979
chronological,10,3,4,0.30949948927477017,0.6139848701696995,0.42083758937691523,0.3937845021468002,0.11133810010214505,3912,979
chronological,10,3,5,0.34627170582226763,0.6090778981803312,0.42083758937691523,0.3937845021468002,0.11133810010214505,3912,979
chronological,10,3,6,0.35137895812053116,0.647720302596606,0.42083758937691523,0.3937845021468002,0.11133810010214505,3912,979
chronological,10,3,7,0.3166496424923391,0.5655285217746882,0.42083758937691523,0.3937845021468002,0.11133810010214505,3912,979
chronological,10,3,8,0.30643513789581206,0.5716622367613985,0.42083758937691523,0.3937845021468002,0.11133810010214505,3912,979
chronological,10,3,9,0.2992849846782431,0.5595992639542016,0.42083758937691523,0.3937845021468002,0.11133810010214505,3912,979
chronological,10,3,10,0.3105209397344229,0.6462891024330403,0.42083758937691523,0.3937845021468002,0.11133810010214505,3912,979
chronological,10,3,11,0.32482124616956076,0.5874054385606216,0.42083758937691523,0.3937845021468002,0.11133810010214505,3912,979
chronological,10,3,12,0.3391215526046987,0.5947658965446739,0.42083758937691523,0.3937845021468002,0.11133810010214505,3912,979
chronological,10,3,13,0.31971399387129723,0.6217542424861991,0.42083758937691523,0.3937845021468002,0.11133810010214505,3912,979
chronological,10,3,14,0.3268641470888662,0.603557554692292,0.42083758937691523,0.3937845021468002,0.11133810010214505,3912,979
chronological,10,3,15,0.3421859039836568,0.5622572071151094,0.42083758937691523,0.3937845021468002,0.11133810010214505,3912,979
chronological,10,3,16,0.32788559754851887,0.5585769781230833,0.42083758937691523,0.3937845021468002,0.11133810010214505,3912,979
chronological,10,3,17,0.33094994892747703,0.6237988141484359,0.42083758937691523,0.3937845021468002,0.11133810010214505,3912,979
chronological,10,3,18,0.3084780388151175,0.6006951543651605,0.42083758937691523,0.3937845021468002,0.11133810010214505,3912,979
chronological,10,3,19,0.2972420837589377,0.6254344714782253,0.42083758937691523,0.3937845021468002,0.11133810010214505,3912,979
chronological,10,4,0,0.27579162410623087,0.6170517276630546,0.4136874361593463,0.3943978736454713,0.11133810010214505,3912,979
chronological,10,4,1,0.3626149131767109,0.4970353710897567,0.4136874361593463,0.3943978736454713,0.11133810010214505,3912,979
chronological,10,4,2,0.36976506639427986,0.633203843794725,0.4136874361593463,0.3943978736454713,0.11133810010214505,3912,979
chronological,10,4,3,0.3054136874361593,0.5015334287466776,0.4136874361593463,0.3943978736454713,0.11133810010214505,3912,979
chronological,10,4,4,0.2839632277834525,0.6197096708239623,0.4136874361593463,0.3943978736454713,0.11133810010214505,3912,979
chronological,10,4,5,0.338100102145046,0.6364751584543038,0.4136874361593463,0.3943978736454713,0.11133810010214505,3912,979
chronological,10,4,6,0.32175689479060265,0.6444489879370272,0.4136874361593463,0.3943978736454713,0.11133810010214505,3912,979
chronological,10,4,7,0.36670071501532175,0.6516049887548558,0.4136874361593463,0.3943978736454713,0.11133810010214505,3912,979
chronological,10,4,8,0.2604698672114402,0.5892455530566346,0.4136874361593463,0.3943978736454713,0.11133810010214505,3912,979
chronological,10,4,9,0.32277834525025534,0.5824984665712534,0.4136874361593463,0.3943978736454713,0.11133810010214505,3912,979
chronological,10,4,10,0.37895812053115424,0.5955837252095686,0.4136874361593463,0.3943978736454713,0.11133810010214505,3912,979
chronological,10,4,11,0.3176710929519918,0.5084849723982826,0.4136874361593463,0.3943978736454713,0.11133810010214505,3912,979
chronological,10,4,12,0.36465781409601633,0.5880188100592926,0.4136874361593463,0.3943978736454713,0.11133810010214505,3912,979
chronological,10,4,13,0.34627170582226763,0.5561234921283991,0.4136874361593463,0.3943978736454713,0.11133810010214505,3912,979
chronological,10,4,14,0.32175689479060265,0.5373134328358209,0.4136874361593463,0.3943978736454713,0.11133810010214505,3912,979
chronological,10,4,15,0.2931562819203269,0.6053976691883051,0.4136874361593463,0.3943978736454713,0.11133810010214505,3912,979
chronological,10,4,16,0.27170582226762,0.6274790431404621,0.4136874361593463,0.3943978736454713,0.11133810010214505,3912,979
chronological,10,4,17,0.3421859039836568,0.6370885299529748,0.4136874361593463,0.3943978736454713,0.11133810010214505,3912,979
chronological,10,4,18,0.28804902962206336,0.5876098957268452,0.4136874361593463,0.3943978736454713,0.11133810010214505,3912,979
chronological,10,4,19,0.3166496424923391,0.6289102433040278,0.4136874361593463,0.3943978736454713,0.11133810010214505,3912,979
chronological,20,0,0,0.2599795291709314,0.6650276582667486,0.4483111566018424,0.38270846138086456,0.1218014329580348,3904,977
chronological,20,0,1,0.3132036847492323,0.5994673222700266,0.4483111566018424,0.38270846138086456,0.1218014329580348,3904,977
chronological,20,0,2,0.3254861821903787,0.6732227002663389,0.4483111566018424,0.38270846138086456,0.1218014329580348,3904,977
chronological,20,0,3,0.353121801432958,0.6588813767670559,0.4483111566018424,0.38270846138086456,0.1218014329580348,3904,977
chronological,20,0,4,0.32139201637666326,0.6429010448678549,0.4483111566018424,0.38270846138086456,0.1218014329580348,3904,977
chronological,20,0,5,0.35209825997952915,0.6906371645154682,0.4483111566018424,0.38270846138086456,0.1218014329580348,3904,977
chronological,20,0,6,0.31218014329580346,0.687359147715632,0.4483111566018424,0.38270846138086456,0.1218014329580348,3904,977
chronological,20,0,7,0.34698055271238487,0.6574472444171277,0.4483111566018424,0.38270846138086456,0.1218014329580348,3904,977
chronological,20,0,8,0.428863868986694,0.5683261626715836,0.4483111566018424,0.38270846138086456,0.1218014329580348,3904,977
chronological,20,0,9,0.39815762538382804,0.7139930342143004,0.4483111566018424,0.38270846138086456,0.1218014329580348,3904,977
chronological,20,0,10,0.3940634595701126,0.6324523663183774,0.4483111566018424,0.38270846138086456,0.1218014329580348,3904,977
chronological,20,0,11,0.25895598771750256,0.5650481458717476,0.4483111566018424,0.38270846138086456,0.1218014329580348,3904,977
chronological,20,0,12,0.28147389969293757,0.6900225363654989,0.4483111566018424,0.38270846138086456,0.1218014329580348,3904,977
chronological,20,0,13,0.31525076765609006,0.6918664208154067,0.4483111566018424,0.38270846138086456,0.1218014329580348,3904,977
chronological,20,0,14,0.3336745138178096,0.6777299733661135,0.4483111566018424,0.38270846138086456,0.1218014329580348,3904,977
chronological,20,0,15,0.35823950870010235,0.6480229461175988,0.4483111566018424,0.38270846138086456,0.1218014329580348,3904,977
chronological,20,0,16,0.38075742067553736,0.6996517107150174,0.4483111566018424,0.38270846138086456,0.1218014329580348,3904,977
chronological,20,0,17,0.3070624360286592,0.6594960049170252,0.4483111566018424,0.38270846138086456,0.1218014329580348,3904,977
chronological,20,0,18,0.3735926305015353,0.6422864167178857,0.4483111566018424,0.38270846138086456,0.1218014329580348,3904,977
chronological,20,0,19,0.4002047082906858,0.643720549067814,0.4483111566018424,0.38270846138086456,0.1218014329580348,3904,977
chronological,20,1,0,0.37768679631525076,0.6351157549682442,0.4104401228249744,0.38414259373079285,0.1218014329580348,3904,977
chronological,20,1,1,0.33572159672466734,0.6752714607662365,0.4104401228249744,0.38414259373079285,0.1218014329580348,3904,977
chronological,20,1,2,0.368474923234391,0.6517107150174145,0.4104401228249744,0.38414259373079285,0.1218014329580348,3904,977
chronological,20,1,3,0.3623336745138178,0.6896127842655193,0.4104401228249744,0.38414259373079285,0.1218014329580348,3904,977
chronological,20,1,4,0.3336745138178096,0.6631837738168408,0.4104401228249744,0.38414259373079285,0.1218014329580348,3904,977
chronological,20,1,5,0.3172978505629478,0.6164720344191764,0.4104401228249744,0.38414259373079285,0.1218014329580348,3904,977
chronological,20,1,6,0.33879222108495394,0.6832616267158369,0.4104401228249744,0.38414259373079285,0.1218014329580348,3904,977
chronological,20,1,7,0.3797338792221085,0.690842040565458,0.4104401228249744,0.38414259373079285,0.1218014329580348,3904,977
chronological,20,1,8,0.3254861821903787,0.6906371645154682,0.4104401228249744,0.38414259373079285,0.1218014329580348,3904,977
chronological,20,1,9,0.41760491299897645,0.6783446015160828,0.4104401228249744,0.38414259373079285,0.1218014329580348,3904,977
chronological,20,1,10,0.3285568065506653,0.6726080721163696,0.4104401228249744,0.38414259373079285,0.1218014329580348,3904,977
chronological,20,1,11,0.41146366427840325,0.5455849211227207,0.4104401228249744,0.38414259373079285,0.1218014329580348,3904,977
chronological,20,1,12,0.30501535312180145,0.6082769924195861,0.4104401228249744,0.38414259373079285,0.1218014329580348,3904,977
chronological,20,1,13,0.2906857727737973,0.6803933620159803,0.4104401228249744,0.38414259373079285,0.1218014329580348,3904,977
chronological,20,1,14,0.3541453428863869,0.6887932800655603,0.4104401228249744,0.38414259373079285,0.1218014329580348,3904,977
chronological,20,1,15,0.3203684749232344,0.6381888957180906,0.4104401228249744,0.38414259373079285,0.1218014329580348,3904,977
chronological,20,1,16,0.2998976458546571,0.6746568326162672,0.4104401228249744,0.38414259373079285,0.1218014329580348,3904,977
chronological,20,1,17,0.3254861821903787,0.6230280680188486,0.4104401228249744,0.38414259373079285,0.1218014329580348,3904,977
chronological,20,1,18,0.34698055271238487,0.6805982380659701,0.4104401228249744,0.38414259373079285,0.1218014329580348,3904,977
chronological,20,1,19,0.330603889457523,0.6810079901659496,0.4104401228249744,0.38414259373079285,0.1218014329580348,3904,977
chronological,20,2,0,0.39815762538382804,0.6685105511165744,0.40429887410440124,0.3652939971317353,0.1218014329580348,3904,977
chronological,20,2,1,0.4104401228249744,0.5599262446220037,0.40429887410440124,0.3652939971317353,0.1218014329580348,3904,977
chronological,20,2,2,0.3295803480040942,0.6668715427166564,0.40429887410440124,0.3652939971317353,0.1218014329580348,3904,977
chronological,20,2,3,0.34493346980552714,0.5959844294202008,0.40429887410440124,0.3652939971317353,0.1218014329580348,3904,977
chronological,20,2,4,0.27021494370522003,0.6402376562179881,0.40429887410440124,0.3652939971317353,0.1218014329580348,3904,977
chronological,20,2,5,0.41146366427840325,0.5166973980741651,0.40429887410440124,0.3652939971317353,0.1218014329580348,3904,977
chronological,20,2,6,0.39815762538382804,0.6752714607662365,0.40429887410440124,0.3652939971317353,0.1218014329580348,3904,977
chronological,20,2,7,0.3091095189355169,0.5929112886703545,0.40429887410440124,0.3652939971317353,0.1218014329580348,3904,977
chronological,20,2,8,0.3060388945752303,0.4458102847777095,0.40429887410440124,0.3652939971317353,0.1218014329580348,3904,977
chronological,20,2,9,0.3797338792221085,0.6683056750665847,0.40429887410440124,0.3652939971317353,0.1218014329580348,3904,977
chronological,20,2,10,0.3162743091095189,0.5947551731202623,0.40429887410440124,0.3652939971317353,0.1218014329580348,3904,977
chronological,20,2,11,0.37871033776867963,0.6736324523663184,0.40429887410440124,0.3652939971317353,0.1218014329580348,3904,977
chronological,20,2,12,0.38792221084953943,0.6148330260192584,0.40429887410440124,0.3652939971317353,0.1218014329580348,3904,977
chronological,20,2,13,0.3193449334698055,0.506658471624667,0.40429887410440124,0.3652939971317353,0.1218014329580348,3904,977
chronological,20,2,14,0.2896622313203685,0.5777504609711125,0.40429887410440124,0.3652939971317353,0.1218014329580348,3904,977
chronological,20,2,15,0.3060388945752303,0.6736324523663184,0.40429887410440124,0.3652939971317353,0.1218014329580348,3904,977
chronological,20,2,16,0.3367451381780962,0.6877688998156115,0.40429887410440124,0.3652939971317353,0.1218014329580348,3904,977
chronological,20,2,17,0.31832139201637666,0.6379840196681008,0.40429887410440124,0.3652939971317353,0.1218014329580348,3904,977
chronological,20,2,18,0.2947799385875128,0.5658676500717066,0.40429887410440124,0.3652939971317353,0.1218014329580348,3904,977
chronological,20,2,19,0.3336745138178096,0.6830567506658471,0.40429887410440124,0.3652939971317353,0.1218014329580348,3904,977
chronological,20,3,0,0.31525076765609006,0.6129891415693506,0.3654042988741044,0.3521819299323909,0.1218014329580348,3904,977
chronological,20,3,1,0.2906857727737973,0.686539643515673,0.3654042988741044,0.3521819299323909,0.1218014329580348,3904,977
chronological,20,3,2,0.34800409416581374,0.6812128662159393,0.3654042988741044,0.3521819299323909,0.1218014329580348,3904,977
chronological,20,3,3,0.3193449334698055,0.6326572423683672,0.3654042988741044,0.3521819299323909,0.1218014329580348,3904,977
chronological,20,3,4,0.3193449334698055,0.6562179881171891,0.3654042988741044,0.3521819299323909,0.1218014329580348,3904,977
chronological,20,3,5,0.3070624360286592,0.5334972341733252,0.3654042988741044,0.3521819299323909,0.1218014329580348,3904,977
chronological,20,3,6,0.3561924257932446,0.6646179061667691,0.3654042988741044,0.3521819299323909,0.1218014329580348,3904,977
chronological,20,3,7,0.3091095189355169,0.5675066584716246,0.3654042988741044,0.3521819299323909,0.1218014329580348,3904,977
chronological,20,3,8,0.3060388945752303,0.6439254251178037,0.3654042988741044,0.3521819299323909,0.1218014329580348,3904,977
chronological,20,3,9,0.3132036847492323,0.3745134193812743,0.3654042988741044,0.3521819299323909,0.1218014329580348,3904,977
chronological,20,3,10,0.3592630501535312,0.6297889776685105,0.3654042988741044,0.3521819299323909,0.1218014329580348,3904,977
chronological,20,3,11,0.2835209825997953,0.6812128662159393,0.3654042988741044,0.3521819299323909,0.1218014329580348,3904,977
chronological,20,3,12,0.29273285568065505,0.6271255890186437,0.3654042988741044,0.3521819299323909,0.1218014329580348,3904,977
chronological,20,3,13,0.31525076765609006,0.6150379020692481,0.3654042988741044,0.3521819299323909,0.1218014329580348,3904,977
chronological,20,3,14,0.330603889457523,0.6726080721163696,0.3654042988741044,0.3521819299323909,0.1218014329580348,3904,977
chronological,20,3,15,0.34493346980552714,0.6291743495185412,0.3654042988741044,0.3521819299323909,0.1218014329580348,3904,977
chronological,20,3,16,0.300921187308086,0.5744724441712764,0.3654042988741044,0.3521819299323909,0.1218014329580348,3904,977
chronological,20,3,17,0.3101330603889457,0.6500717066174965,0.3654042988741044,0.3521819299323909,0.1218014329580348,3904,977
chronological,20,3,18,0.2968270214943705,0.6568326162671584,0.3654042988741044,0.3521819299323909,0.1218014329580348,3904,977
chronological,20,3,19,0.34083930399181167,0.6404425322679779,0.3654042988741044,0.3521819299323909,0.1218014329580348,3904,977
chronological,20,4,0,0.28249744114636643,0.6894079082155296,0.4329580348004094,0.3855767260807212,0.1218014329580348,3904,977
chronological,20,4,1,0.23336745138178097,0.660520385166974,0.4329580348004094,0.3855767260807212,0.1218014329580348,3904,977
chronological,20,4,2,0.23848515864892528,0.5718090555214096,0.4329580348004094,0.3855767260807212,0.1218014329580348,3904,977
chronological,20,4,3,0.35209825997952915,0.6681007990165949,0.4329580348004094,0.3855767260807212,0.1218014329580348,3904,977
chronological,20,4,4,0.2917093142272262,0.6961688178651916,0.4329580348004094,0.3855767260807212,0.1218014329580348,3904,977
chronological,20,4,5,0.2896622313203685,0.6043843474697808,0.4329580348004094,0.3855767260807212,0.1218014329580348,3904,977
chronological,20,4,6,0.27840327533265097,0.6760909649661955,0.4329580348004094,0.3855767260807212,0.1218014329580348,3904,977
chronological,20,4,7,0.3091095189355169,0.6896127842655193,0.4329580348004094,0.3855767260807212,0.1218014329580348,3904,977
chronological,20,4,8,0.345957011258956,0.5939356689203033,0.4329580348004094,0.3855767260807212,0.1218014329580348,3904,977
chronological,20,4,9,0.2507676560900716,0.5400532677729973,0.4329580348004094,0.3855767260807212,0.1218014329580348,3904,977
chronological,20,4,10,0.3500511770726714,0.6832616267158369,0.4329580348004094,0.3855767260807212,0.1218014329580348,3904,977
chronological,20,4,11,0.3203684749232344,0.7031346035648433,0.4329580348004094,0.3855767260807212,0.1218014329580348,3904,977
chronological,20,4,12,0.38792221084953943,0.6074574882196271,0.4329580348004094,0.3855767260807212,0.1218014329580348,3904,977
chronological,20,4,13,0.29887410440122825,0.6635935259168203,0.4329580348004094,0.3855767260807212,0.1218014329580348,3904,977
chronological,20,4,14,0.30501535312180145,0.6867445195656627,0.4329580348004094,0.3855767260807212,0.1218014329580348,3904,977
chronological,20,4,15,0.30808597748208805,0.6578569965171072,0.4329580348004094,0.3855767260807212,0.1218014329580348,3904,977
chronological,20,4,16,0.38178096212896623,0.6002868264699857,0.4329580348004094,0.3855767260807212,0.1218014329580348,3904,977
chronological,20,4,17,0.2671443193449335,0.6820323704158984,0.4329580348004094,0.3855767260807212,0.1218014329580348,3904,977
chronological,20,4,18,0.30194472876151485,0.6590862528170457,0.4329580348004094,0.3855767260807212,0.1218014329580348,3904,977
chronological,20,4,19,0.27635619242579323,0.6910469166154477,0.4329580348004094,0.3855767260807212,0.1218014329580348,3904,977
purged_embargoed,5,0,0,0.5261538461538462,0.5706699346405228,0.5476923076923077,0.5465686274509803,0.0,3812,975
purged_embargoed,5,0,1,0.5107692307692308,0.5606617647058824,0.5476923076923077,0.5465686274509803,0.0,3812,975
purged_embargoed,5,0,2,0.4707692307692308,0.5555555555555556,0.5476923076923077,0.5465686274509803,0.0,3812,975
purged_embargoed,5,0,3,0.5005128205128205,0.5622957516339869,0.5476923076923077,0.5465686274509803,0.0,3812,975
purged_embargoed,5,0,4,0.52,0.5639297385620915,0.5476923076923077,0.5465686274509803,0.0,3812,975
purged_embargoed,5,0,5,0.521025641025641,0.579248366013072,0.5476923076923077,0.5465686274509803,0.0,3812,975
purged_embargoed,5,0,6,0.5158974358974359,0.6011029411764706,0.5476923076923077,0.5465686274509803,0.0,3812,975
purged_embargoed,5,0,7,0.5148717948717949,0.585171568627451,0.5476923076923077,0.5465686274509803,0.0,3812,975
purged_embargoed,5,0,8,0.5456410256410257,0.5584150326797386,0.5476923076923077,0.5465686274509803,0.0,3812,975
purged_embargoed,5,0,9,0.517948717948718,0.5816993464052288,0.5476923076923077,0.5465686274509803,0.0,3812,975
purged_embargoed,5,0,10,0.49846153846153846,0.571078431372549,0.5476923076923077,0.5465686274509803,0.0,3812,975
purged_embargoed,5,0,11,0.4194871794871795,0.5810866013071896,0.5476923076923077,0.5465686274509803,0.0,3812,975
purged_embargoed,5,0,12,0.4112820512820513,0.5618872549019608,0.5476923076923077,0.5465686274509803,0.0,3812,975
purged_embargoed,5,0,13,0.5241025641025641,0.5772058823529411,0.5476923076923077,0.5465686274509803,0.0,3812,975
purged_embargoed,5,0,14,0.49948717948717947,0.6047794117647058,0.5476923076923077,0.5465686274509803,0.0,3812,975
purged_embargoed,5,0,15,0.5015384615384615,0.5939542483660131,0.5476923076923077,0.5465686274509803,0.0,3812,975
purged_embargoed,5,0,16,0.5066666666666667,0.5778186274509803,0.5476923076923077,0.5465686274509803,0.0,3812,975
purged_embargoed,5,0,17,0.4687179487179487,0.5968137254901961,0.5476923076923077,0.5465686274509803,0.0,3812,975
purged_embargoed,5,0,18,0.522051282051282,0.5812908496732027,0.5476923076923077,0.5465686274509803,0.0,3812,975
purged_embargoed,5,0,19,0.5435897435897435,0.5518790849673203,0.5476923076923077,0.5465686274509803,0.0,3812,975
purged_embargoed,5,1,0,0.4666666666666667,0.5737336601307189,0.5323076923076923,0.5449346405228758,0.0,3812,975
purged_embargoed,5,1,1,0.521025641025641,0.5602532679738562,0.5323076923076923,0.5449346405228758,0.0,3812,975
purged_embargoed,5,1,2,0.5015384615384615,0.5616830065359477,0.5323076923076923,0.5449346405228758,0.0,3812,975
purged_embargoed,5,1,3,0.5333333333333333,0.5553513071895425,0.5323076923076923,0.5449346405228758,0.0,3812,975
purged_embargoed,5,1,4,0.49333333333333335,0.5696486928104575,0.5323076923076923,0.5449346405228758,0.0,3812,975
purged_embargoed,5,1,5,0.4646153846153846,0.5720996732026143,0.5323076923076923,0.5449346405228758,0.0,3812,975
purged_embargoed,5,1,6,0.49333333333333335,0.5941584967320261,0.5323076923076923,0.5449346405228758,0.0,3812,975
purged_embargoed,5,1,7,0.5035897435897436,0.5637254901960784,0.5323076923076923,0.5449346405228758,0.0,3812,975
purged_embargoed,5,1,8,0.5107692307692308,0.5637254901960784,0.5323076923076923,0.5449346405228758,0.0,3812,975
purged_embargoed,5,1,9,0.4492307692307692,0.542687908496732,0.5323076923076923,0.5449346405228758,0.0,3812,975
purged_embargoed,5,1,10,0.5323076923076923,0.548202614379085,0.5323076923076923,0.5449346405228758,0.0,3812,975
purged_embargoed,5,1,11,0.4841025641025641,0.582312091503268,0.5323076923076923,0.5449346405228758,0.0,3812,975
purged_embargoed,5,1,12,0.5282051282051282,0.5518790849673203,0.5323076923076923,0.5449346405228758,0.0,3812,975
purged_embargoed,5,1,13,0.5282051282051282,0.5490196078431373,0.5323076923076923,0.5449346405228758,0.0,3812,975
purged_embargoed,5,1,14,0.5056410256410256,0.5821078431372549,0.5323076923076923,0.5449346405228758,0.0,3812,975
purged_embargoed,5,1,15,0.441025641025641,0.5835375816993464,0.5323076923076923,0.5449346405228758,0.0,3812,975
purged_embargoed,5,1,16,0.4594871794871795,0.5741421568627451,0.5323076923076923,0.5449346405228758,0.0,3812,975
purged_embargoed,5,1,17,0.5271794871794871,0.5555555555555556,0.5323076923076923,0.5449346405228758,0.0,3812,975
purged_embargoed,5,1,18,0.5312820512820513,0.545751633986928,0.5323076923076923,0.5449346405228758,0.0,3812,975
purged_embargoed,5,1,19,0.4574358974358974,0.5725081699346405,0.5323076923076923,0.5449346405228758,0.0,3812,975
purged_embargoed,5,2,0,0.4882051282051282,0.5755718954248366,0.5866666666666667,0.551062091503268,0.0,3812,975
purged_embargoed,5,2,1,0.49230769230769234,0.582312091503268,0.5866666666666667,0.551062091503268,0.0,3812,975
purged_embargoed,5,2,2,0.5046153846153846,0.5906862745098039,0.5866666666666667,0.551062091503268,0.0,3812,975
purged_embargoed,5,2,3,0.5025641025641026,0.5863970588235294,0.5866666666666667,0.551062091503268,0.0,3812,975
purged_embargoed,5,2,4,0.5097435897435898,0.5808823529411765,0.5866666666666667,0.551062091503268,0.0,3812,975
purged_embargoed,5,2,5,0.5148717948717949,0.5561683006535948,0.5866666666666667,0.551062091503268,0.0,3812,975
purged_embargoed,5,2,6,0.5446153846153846,0.5892565359477124,0.5866666666666667,0.551062091503268,0.0,3812,975
purged_embargoed,5,2,7,0.5456410256410257,0.5688316993464052,0.5866666666666667,0.551062091503268,0.0,3812,975
purged_embargoed,5,2,8,0.5425641025641026,0.5694444444444444,0.5866666666666667,0.551062091503268,0.0,3812,975
purged_embargoed,5,2,9,0.5056410256410256,0.5725081699346405,0.5866666666666667,0.551062091503268,0.0,3812,975
purged_embargoed,5,2,10,0.5487179487179488,0.576797385620915,0.5866666666666667,0.551062091503268,0.0,3812,975
purged_embargoed,5,2,11,0.5128205128205128,0.5790441176470589,0.5866666666666667,0.551062091503268,0.0,3812,975
purged_embargoed,5,2,12,0.5046153846153846,0.571078431372549,0.5866666666666667,0.551062091503268,0.0,3812,975
purged_embargoed,5,2,13,0.39282051282051283,0.5053104575163399,0.5866666666666667,0.551062091503268,0.0,3812,975
purged_embargoed,5,2,14,0.49230769230769234,0.5753676470588235,0.5866666666666667,0.551062091503268,0.0,3812,975
purged_embargoed,5,2,15,0.49846153846153846,0.5892565359477124,0.5866666666666667,0.551062091503268,0.0,3812,975
purged_embargoed,5,2,16,0.5251282051282051,0.5651552287581699,0.5866666666666667,0.551062091503268,0.0,3812,975
purged_embargoed,5,2,17,0.5076923076923077,0.5835375816993464,0.5866666666666667,0.551062091503268,0.0,3812,975
purged_embargoed,5,2,18,0.48512820512820515,0.5810866013071896,0.5866666666666667,0.551062091503268,0.0,3812,975
purged_embargoed,5,2,19,0.48102564102564105,0.5898692810457516,0.5866666666666667,0.551062091503268,0.0,3812,975
purged_embargoed,5,3,0,0.5312820512820513,0.5676062091503268,0.5456410256410257,0.5343137254901961,0.0,3812,975
purged_embargoed,5,3,1,0.4523076923076923,0.5939542483660131,0.5456410256410257,0.5343137254901961,0.0,3812,975
purged_embargoed,5,3,2,0.47794871794871796,0.5790441176470589,0.5456410256410257,0.5343137254901961,0.0,3812,975
purged_embargoed,5,3,3,0.4441025641025641,0.5502450980392157,0.5456410256410257,0.5343137254901961,0.0,3812,975
purged_embargoed,5,3,4,0.4256410256410256,0.5422794117647058,0.5456410256410257,0.5343137254901961,0.0,3812,975
purged_embargoed,5,3,5,0.5035897435897436,0.5855800653594772,0.5456410256410257,0.5343137254901961,0.0,3812,975
purged_embargoed,5,3,6,0.4841025641025641,0.5980392156862745,0.5456410256410257,0.5343137254901961,0.0,3812,975
purged_embargoed,5,3,7,0.4338461538461538,0.5625,0.5456410256410257,0.5343137254901961,0.0,3812,975
purged_embargoed,5,3,8,0.4564102564102564,0.5745506535947712,0.5456410256410257,0.5343137254901961,0.0,3812,975
purged_embargoed,5,3,9,0.5015384615384615,0.5573937908496732,0.5456410256410257,0.5343137254901961,0.0,3812,975
purged_embargoed,5,3,10,0.40205128205128204,0.5463643790849673,0.5456410256410257,0.5343137254901961,0.0,3812,975
purged_embargoed,5,3,11,0.4707692307692308,0.6039624183006536,0.5456410256410257,0.5343137254901961,0.0,3812,975
purged_embargoed,5,3,12,0.4584615384615385,0.5661764705882353,0.5456410256410257,0.5343137254901961,0.0,3812,975
purged_embargoed,5,3,13,0.4882051282051282,0.5915032679738562,0.5456410256410257,0.5343137254901961,0.0,3812,975
purged_embargoed,5,3,14,0.4882051282051282,0.5884395424836601,0.5456410256410257,0.5343137254901961,0.0,3812,975
purged_embargoed,5,3,15,0.4164102564102564,0.5716911764705882,0.5456410256410257,0.5343137254901961,0.0,3812,975
purged_embargoed,5,3,16,0.5128205128205128,0.5541258169934641,0.5456410256410257,0.5343137254901961,0.0,3812,975
purged_embargoed,5,3,17,0.4676923076923077,0.5774101307189542,0.5456410256410257,0.5343137254901961,0.0,3812,975
purged_embargoed,5,3,18,0.4338461538461538,0.5712826797385621,0.5456410256410257,0.5343137254901961,0.0,3812,975
purged_embargoed,5,3,19,0.48205128205128206,0.6000816993464052,0.5456410256410257,0.5343137254901961,0.0,3812,975
purged_embargoed,5,4,0,0.4676923076923077,0.6053921568627451,0.5394871794871795,0.551062091503268,0.0,3812,975
purged_embargoed,5,4,1,0.5005128205128205,0.5629084967320261,0.5394871794871795,0.551062091503268,0.0,3812,975
purged_embargoed,5,4,2,0.4841025641025641,0.5943627450980392,0.5394871794871795,0.551062091503268,0.0,3812,975
purged_embargoed,5,4,3,0.36923076923076925,0.5042892156862745,0.5394871794871795,0.551062091503268,0.0,3812,975
purged_embargoed,5,4,4,0.5292307692307693,0.5757761437908496,0.5394871794871795,0.551062091503268,0.0,3812,975
purged_embargoed,5,4,5,0.4430769230769231,0.5837418300653595,0.5394871794871795,0.551062091503268,0.0,3812,975
purged_embargoed,5,4,6,0.521025641025641,0.5894607843137255,0.5394871794871795,0.551062091503268,0.0,3812,975
purged_embargoed,5,4,7,0.49435897435897436,0.5888480392156863,0.5394871794871795,0.551062091503268,0.0,3812,975
purged_embargoed,5,4,8,0.4728205128205128,0.577001633986928,0.5394871794871795,0.551062091503268,0.0,3812,975
purged_embargoed,5,4,9,0.5076923076923077,0.5853758169934641,0.5394871794871795,0.551062091503268,0.0,3812,975
purged_embargoed,5,4,10,0.4594871794871795,0.5939542483660131,0.5394871794871795,0.551062091503268,0.0,3812,975
purged_embargoed,5,4,11,0.4676923076923077,0.5759803921568627,0.5394871794871795,0.551062091503268,0.0,3812,975
purged_embargoed,5,4,12,0.46974358974358976,0.5704656862745098,0.5394871794871795,0.551062091503268,0.0,3812,975
purged_embargoed,5,4,13,0.47897435897435897,0.588031045751634,0.5394871794871795,0.551062091503268,0.0,3812,975
purged_embargoed,5,4,14,0.4841025641025641,0.6011029411764706,0.5394871794871795,0.551062091503268,0.0,3812,975
purged_embargoed,5,4,15,0.4841025641025641,0.6049836601307189,0.5394871794871795,0.551062091503268,0.0,3812,975
purged_embargoed,5,4,16,0.4564102564102564,0.5855800653594772,0.5394871794871795,0.551062091503268,0.0,3812,975
purged_embargoed,5,4,17,0.4471794871794872,0.551062091503268,0.5394871794871795,0.551062091503268,0.0,3812,975
purged_embargoed,5,4,18,0.52,0.5816993464052288,0.5394871794871795,0.551062091503268,0.0,3812,975
purged_embargoed,5,4,19,0.5148717948717949,0.5814950980392157,0.5394871794871795,0.551062091503268,0.0,3812,975
purged_embargoed,10,0,0,0.3240454076367389,0.5996728685340421,0.4262125902992776,0.40298507462686567,0.0,3803,969
purged_embargoed,10,0,1,0.2579979360165119,0.4739317113064813,0.4262125902992776,0.40298507462686567,0.0,3803,969
purged_embargoed,10,0,2,0.36945304437564497,0.6233898998159886,0.4262125902992776,0.40298507462686567,0.0,3803,969
purged_embargoed,10,0,3,0.40350877192982454,0.5471273768145574,0.4262125902992776,0.40298507462686567,0.0,3803,969
purged_embargoed,10,0,4,0.347781217750258,0.562461664281333,0.4262125902992776,0.40298507462686567,0.0,3803,969
purged_embargoed,10,0,5,0.43343653250773995,0.5822940094050296,0.4262125902992776,0.40298507462686567,0.0,3803,969
purged_embargoed,10,0,6,0.40454076367389064,0.6211408709875281,0.4262125902992776,0.40298507462686567,0.0,3803,969
purged_embargoed,10,0,7,0.3126934984520124,0.45389490901656104,0.4262125902992776,0.40298507462686567,0.0,3803,969
purged_embargoed,10,0,8,0.2899896800825593,0.5532610918012676,0.4262125902992776,0.40298507462686567,0.0,3803,969
purged_embargoed,10,0,9,0.37564499484004127,0.6107135555101206,0.4262125902992776,0.40298507462686567,0.0,3803,969
purged_embargoed,10,0,10,0.3240454076367389,0.5223880597014925,0.4262125902992776,0.40298507462686567,0.0,3803,969
purged_embargoed,10,0,11,0.36429308565531476,0.5769781230832141,0.4262125902992776,0.40298507462686567,0.0,3803,969
purged_embargoed,10,0,12,0.32714138286893707,0.5281128603557554,0.4262125902992776,0.40298507462686567,0.0,3803,969
purged_embargoed,10,0,13,0.32301341589267285,0.5927213248824371,0.4262125902992776,0.40298507462686567,0.0,3803,969
purged_embargoed,10,0,14,0.34365325077399383,0.5706399509302801,0.4262125902992776,0.40298507462686567,0.0,3803,969
purged_embargoed,10,0,15,0.36429308565531476,0.5976282968718054,0.4262125902992776,0.40298507462686567,0.0,3803,969
purged_embargoed,10,0,16,0.39009287925696595,0.6321815579636066,0.4262125902992776,0.40298507462686567,0.0,3803,969
purged_embargoed,10,0,17,0.2590299277605779,0.4035984461255367,0.4262125902992776,0.40298507462686567,0.0,3803,969
purged_embargoed,10,0,18,0.34365325077399383,0.5724800654262931,0.4262125902992776,0.40298507462686567,0.0,3803,969
purged_embargoed,10,0,19,0.3498452012383901,0.6115313841750153,0.4262125902992776,0.40298507462686567,0.0,3803,969
purged_embargoed,10,1,0,0.347781217750258,0.6193007564915151,0.3797729618163055,0.3931711306481292,0.0,3803,969
purged_embargoed,10,1,1,0.35294117647058826,0.6072377836843181,0.3797729618163055,0.3931711306481292,0.0,3803,969
purged_embargoed,10,1,2,0.3498452012383901,0.618687384992844,0.3797729618163055,0.3931711306481292,0.0,3803,969
purged_embargoed,10,1,3,0.33436532507739936,0.6051932120220814,0.3797729618163055,0.3931711306481292,0.0,3803,969
purged_embargoed,10,1,4,0.33436532507739936,0.5614393784502146,0.3797729618163055,0.3931711306481292,0.0,3803,969
purged_embargoed,10,1,5,0.3075335397316821,0.5872009813943979,0.3797729618163055,0.3931711306481292,0.0,3803,969
purged_embargoed,10,1,6,0.36016511867905054,0.5976282968718054,0.3797729618163055,0.3931711306481292,0.0,3803,969
purged_embargoed,10,1,7,0.30959752321981426,0.6062154978531997,0.3797729618163055,0.3931711306481292,0.0,3803,969
purged_embargoed,10,1,8,0.34881320949432404,0.5941525250460029,0.3797729618163055,0.3931711306481292,0.0,3803,969
purged_embargoed,10,1,9,0.34055727554179566,0.611735841341239,0.3797729618163055,0.3931711306481292,0.0,3803,969
purged_embargoed,10,1,10,0.36429308565531476,0.589041095890411,0.3797729618163055,0.3931711306481292,0.0,3803,969
purged_embargoed,10,1,11,0.3570691434468524,0.6217542424861991,0.3797729618163055,0.3931711306481292,0.0,3803,969
purged_embargoed,10,1,12,0.33539731682146545,0.5837252095685954,0.3797729618163055,0.3931711306481292,0.0,3803,969
purged_embargoed,10,1,13,0.3415892672858617,0.5747290942547536,0.3797729618163055,0.3931711306481292,0.0,3803,969
purged_embargoed,10,1,14,0.32507739938080493,0.5941525250460029,0.3797729618163055,0.3931711306481292,0.0,3803,969
purged_embargoed,10,1,15,0.304437564499484,0.5861786955632795,0.3797729618163055,0.3931711306481292,0.0,3803,969
purged_embargoed,10,1,16,0.38183694530443757,0.6115313841750153,0.3797729618163055,0.3931711306481292,0.0,3803,969
purged_embargoed,10,1,17,0.32920536635706915,0.6051932120220814,0.3797729618163055,0.3931711306481292,0.0,3803,969
purged_embargoed,10,1,18,0.34881320949432404,0.6049887548558577,0.3797729618163055,0.3931711306481292,0.0,3803,969
purged_embargoed,10,1,19,0.3622291021671827,0.5927213248824371,0.3797729618163055,0.3931711306481292,0.0,3803,969
purged_embargoed,10,2,0,0.3065015479876161,0.595379268043345,0.4375644994840041,0.4003271314659579,0.0,3803,969
purged_embargoed,10,2,1,0.40350877192982454,0.6293191576364752,0.4375644994840041,0.4003271314659579,0.0,3803,969
purged_embargoed,10,2,2,0.34055727554179566,0.6125536700061337,0.4375644994840041,0.4003271314659579,0.0,3803,969
purged_embargoed,10,2,3,0.3653250773993808,0.5992639542015947,0.4375644994840041,0.4003271314659579,0.0,3803,969
purged_embargoed,10,2,4,0.3219814241486068,0.48435902678388876,0.4375644994840041,0.4003271314659579,0.0,3803,969
purged_embargoed,10,2,5,0.27450980392156865,0.553670006133715,0.4375644994840041,0.4003271314659579,0.0,3803,969
purged_embargoed,10,2,6,0.3591331269349845,0.6158249846657126,0.4375644994840041,0.4003271314659579,0.0,3803,969
purged_embargoed,10,2,7,0.2951496388028896,0.47740748313228376,0.4375644994840041,0.4003271314659579,0.0,3803,969
purged_embargoed,10,2,8,0.32507739938080493,0.5992639542015947,0.4375644994840041,0.4003271314659579,0.0,3803,969
purged_embargoed,10,2,9,0.32301341589267285,0.5812717235739112,0.4375644994840041,0.4003271314659579,0.0,3803,969
purged_embargoed,10,2,10,0.33126934984520123,0.5945614393784502,0.4375644994840041,0.4003271314659579,0.0,3803,969
purged_embargoed,10,2,11,0.33539731682146545,0.5880188100592926,0.4375644994840041,0.4003271314659579,0.0,3803,969
purged_embargoed,10,2,12,0.33539731682146545,0.5685953792680434,0.4375644994840041,0.4003271314659579,0.0,3803,969
purged_embargoed,10,2,13,0.36945304437564497,0.5622572071151094,0.4375644994840041,0.4003271314659579,0.0,3803,969
purged_embargoed,10,2,14,0.4086687306501548,0.5910856675526477,0.4375644994840041,0.4003271314659579,0.0,3803,969
purged_embargoed,10,2,15,0.3302373581011352,0.5933346963811081,0.4375644994840041,0.4003271314659579,0.0,3803,969
purged_embargoed,10,2,16,0.34262125902992774,0.6419955019423431,0.4375644994840041,0.4003271314659579,0.0,3803,969
purged_embargoed,10,2,17,0.29411764705882354,0.5342465753424658,0.4375644994840041,0.4003271314659579,0.0,3803,969
purged_embargoed,10,2,18,0.35190918472652216,0.6160294418319362,0.4375644994840041,0.4003271314659579,0.0,3803,969
purged_embargoed,10,2,19,0.38802889576883387,0.525863831527295,0.4375644994840041,0.4003271314659579,0.0,3803,969
purged_embargoed,10,3,0,0.3591331269349845,0.603557554692292,0.42518059855521156,0.3937845021468002,0.0,3803,969
purged_embargoed,10,3,1,0.3457172342621259,0.6317726436311593,0.42518059855521156,0.3937845021468002,0.0,3803,969
purged_embargoed,10,3,2,0.30959752321981426,0.6315681864649356,0.42518059855521156,0.3937845021468002,0.0,3803,969
purged_embargoed,10,3,3,0.3137254901960784,0.534655489674913,0.42518059855521156,0.3937845021468002,0.0,3803,969
purged_embargoed,10,3,4,0.2807017543859649,0.5685953792680434,0.42518059855521156,0.3937845021468002,0.0,3803,969
purged_embargoed,10,3,5,0.32920536635706915,0.6162338989981598,0.42518059855521156,0.3937845021468002,0.0,3803,969
purged_embargoed,10,3,6,0.31682146542827655,0.6182784706603967,0.42518059855521156,0.3937845021468002,0.0,3803,969
purged_embargoed,10,3,7,0.3323013415892673,0.5796360662441219,0.42518059855521156,0.3937845021468002,0.0,3803,969
purged_embargoed,10,3,8,0.3684210526315789,0.5982416683704764,0.42518059855521156,0.3937845021468002,0.0,3803,969
purged_embargoed,10,3,9,0.30340557275541796,0.5221836025352689,0.42518059855521156,0.3937845021468002,0.0,3803,969
purged_embargoed,10,3,10,0.3188854489164087,0.6362707012880802,0.42518059855521156,0.3937845021468002,0.0,3803,969
purged_embargoed,10,3,11,0.3075335397316821,0.6221631568186465,0.42518059855521156,0.3937845021468002,0.0,3803,969
purged_embargoed,10,3,12,0.3075335397316821,0.5583725209568595,0.42518059855521156,0.3937845021468002,0.0,3803,969
purged_embargoed,10,3,13,0.3849329205366357,0.6237988141484359,0.42518059855521156,0.3937845021468002,0.0,3803,969
purged_embargoed,10,3,14,0.2848297213622291,0.5569413207932938,0.42518059855521156,0.3937845021468002,0.0,3803,969
purged_embargoed,10,3,15,0.33436532507739936,0.6293191576364752,0.42518059855521156,0.3937845021468002,0.0,3803,969
purged_embargoed,10,3,16,0.3188854489164087,0.6148026988345942,0.42518059855521156,0.3937845021468002,0.0,3803,969
purged_embargoed,10,3,17,0.38699690402476783,0.6203230423226334,0.42518059855521156,0.3937845021468002,0.0,3803,969
purged_embargoed,10,3,18,0.2693498452012384,0.6004906971989368,0.42518059855521156,0.3937845021468002,0.0,3803,969
purged_embargoed,10,3,19,0.2951496388028896,0.6240032713146596,0.42518059855521156,0.3937845021468002,0.0,3803,969
purged_embargoed,10,4,0,0.32610939112487103,0.6158249846657126,0.4148606811145511,0.3943978736454713,0.0,3803,969
purged_embargoed,10,4,1,0.3591331269349845,0.6070333265180945,0.4148606811145511,0.3943978736454713,0.0,3803,969
purged_embargoed,10,4,2,0.31991744066047473,0.6193007564915151,0.4148606811145511,0.3943978736454713,0.0,3803,969
purged_embargoed,10,4,3,0.27657378740970073,0.562461664281333,0.4148606811145511,0.3943978736454713,0.0,3803,969
purged_embargoed,10,4,4,0.2528379772961816,0.5996728685340421,0.4148606811145511,0.3943978736454713,0.0,3803,969
purged_embargoed,10,4,5,0.2755417956656347,0.6293191576364752,0.4148606811145511,0.3943978736454713,0.0,3803,969
purged_embargoed,10,4,6,0.3395252837977296,0.6205274994888571,0.4148606811145511,0.3943978736454713,0.0,3803,969
purged_embargoed,10,4,7,0.27966976264189886,0.5798405234103455,0.4148606811145511,0.3943978736454713,0.0,3803,969
purged_embargoed,10,4,8,0.23426212590299278,0.48701696994479654,0.4148606811145511,0.3943978736454713,0.0,3803,969
purged_embargoed,10,4,9,0.3240454076367389,0.5097117153956247,0.4148606811145511,0.3943978736454713,0.0,3803,969
purged_embargoed,10,4,10,0.3735810113519092,0.6354528726231854,0.4148606811145511,0.3943978736454713,0.0,3803,969
purged_embargoed,10,4,11,0.3075335397316821,0.5702310365978328,0.4148606811145511,0.3943978736454713,0.0,3803,969
purged_embargoed,10,4,12,0.3323013415892673,0.6154160703332652,0.4148606811145511,0.3943978736454713,0.0,3803,969
purged_embargoed,10,4,13,0.33436532507739936,0.6209364138213045,0.4148606811145511,0.3943978736454713,0.0,3803,969
purged_embargoed,10,4,14,0.23116615067079463,0.5824984665712534,0.4148606811145511,0.3943978736454713,0.0,3803,969
purged_embargoed,10,4,15,0.3415892672858617,0.6673481905540789,0.4148606811145511,0.3943978736454713,0.0,3803,969
purged_embargoed,10,4,16,0.2786377708978328,0.6150071560008178,0.4148606811145511,0.3943978736454713,0.0,3803,969
purged_embargoed,10,4,17,0.3591331269349845,0.5906767532202004,0.4148606811145511,0.3943978736454713,0.0,3803,969
purged_embargoed,10,4,18,0.3219814241486068,0.5287262318544265,0.4148606811145511,0.3943978736454713,0.0,3803,969
purged_embargoed,10,4,19,0.36016511867905054,0.5524432631363729,0.4148606811145511,0.3943978736454713,0.0,3803,969
purged_embargoed,20,0,0,0.36363636363636365,0.5640237656217988,0.44932079414838033,0.38270846138086456,0.0,3785,957
purged_embargoed,20,0,1,0.2884012539184953,0.6295841016185207,0.44932079414838033,0.38270846138086456,0.0,3785,957
purged_embargoed,20,0,2,0.3458725182863114,0.6635935259168203,0.44932079414838033,0.38270846138086456,0.0,3785,957
purged_embargoed,20,0,3,0.31452455590386624,0.6793689817660316,0.44932079414838033,0.38270846138086456,0.0,3785,957
purged_embargoed,20,0,4,0.4117032392894462,0.49313665232534315,0.44932079414838033,0.38270846138086456,0.0,3785,957
purged_embargoed,20,0,5,0.4158829676071055,0.5562384757221881,0.44932079414838033,0.38270846138086456,0.0,3785,957
purged_embargoed,20,0,6,0.29571577847439917,0.463019872976849,0.44932079414838033,0.38270846138086456,0.0,3785,957
purged_embargoed,20,0,7,0.2612330198537095,0.5429215324728539,0.44932079414838033,0.38270846138086456,0.0,3785,957
purged_embargoed,20,0,8,0.30303030303030304,0.6609301372669535,0.44932079414838033,0.38270846138086456,0.0,3785,957
purged_embargoed,20,0,9,0.31974921630094044,0.6683056750665847,0.44932079414838033,0.38270846138086456,0.0,3785,957
purged_embargoed,20,0,10,0.40752351097178685,0.6867445195656627,0.44932079414838033,0.38270846138086456,0.0,3785,957
purged_embargoed,20,0,11,0.45141065830721006,0.46793689817660317,0.44932079414838033,0.38270846138086456,0.0,3785,957
purged_embargoed,20,0,12,0.3124346917450366,0.6611350133169432,0.44932079414838033,0.38270846138086456,0.0,3785,957
purged_embargoed,20,0,13,0.41274817136886105,0.5980331899200984,0.44932079414838033,0.38270846138086456,0.0,3785,957
purged_embargoed,20,0,14,0.3960292580982236,0.6801884859659906,0.44932079414838033,0.38270846138086456,0.0,3785,957
purged_embargoed,20,0,15,0.3019853709508882,0.6771153452161442,0.44932079414838033,0.38270846138086456,0.0,3785,957
purged_embargoed,20,0,16,0.3218390804597701,0.6834665027658267,0.44932079414838033,0.38270846138086456,0.0,3785,957
purged_embargoed,20,0,17,0.4231974921630094,0.5140340094242983,0.44932079414838033,0.38270846138086456,0.0,3785,957
purged_embargoed,20,0,18,0.27063740856844304,0.6164720344191764,0.44932079414838033,0.38270846138086456,0.0,3785,957
purged_embargoed,20,0,19,0.31452455590386624,0.5687359147715632,0.44932079414838033,0.38270846138086456,0.0,3785,957
purged_embargoed,20,1,0,0.29258098223615464,0.4619954927269002,0.41901776384535006,0.38414259373079285,0.0,3785,957
purged_embargoed,20,1,1,0.3939393939393939,0.6635935259168203,0.41901776384535006,0.38414259373079285,0.0,3785,957
purged_embargoed,20,1,2,0.32497387669801464,0.6541692276172916,0.41901776384535006,0.38414259373079285,0.0,3785,957
purged_embargoed,20,1,3,0.30407523510971785,0.5691456668715427,0.41901776384535006,0.38414259373079285,0.0,3785,957
purged_embargoed,20,1,4,0.2998955067920585,0.6590862528170457,0.41901776384535006,0.38414259373079285,0.0,3785,957
purged_embargoed,20,1,5,0.3322884012539185,0.5488629379225568,0.41901776384535006,0.38414259373079285,0.0,3785,957
purged_embargoed,20,1,6,0.29258098223615464,0.5318582257734071,0.41901776384535006,0.38414259373079285,0.0,3785,957
purged_embargoed,20,1,7,0.33646812957157785,0.6576521204671174,0.41901776384535006,0.38414259373079285,0.0,3785,957
purged_embargoed,20,1,8,0.3991640543364681,0.6154476541692276,0.41901776384535006,0.38414259373079285,0.0,3785,957
purged_embargoed,20,1,9,0.3375130616509927,0.6695349313665232,0.41901776384535006,0.38414259373079285,0.0,3785,957
purged_embargoed,20,1,10,0.30929989550679204,0.646179061667691,0.41901776384535006,0.38414259373079285,0.0,3785,957
purged_embargoed,20,1,11,0.3761755485893417,0.520180290923991,0.41901776384535006,0.38414259373079285,0.0,3785,957
purged_embargoed,20,1,12,0.30407523510971785,0.6289694734685515,0.41901776384535006,0.38414259373079285,0.0,3785,957
purged_embargoed,20,1,13,0.34691745036572624,0.5314484736734276,0.41901776384535006,0.38414259373079285,0.0,3785,957
purged_embargoed,20,1,14,0.3657262277951933,0.6810079901659496,0.41901776384535006,0.38414259373079285,0.0,3785,957
purged_embargoed,20,1,15,0.3270637408568443,0.636959639418152,0.41901776384535006,0.38414259373079285,0.0,3785,957
purged_embargoed,20,1,16,0.2831765935214211,0.5318582257734071,0.41901776384535006,0.38414259373079285,0.0,3785,957
purged_embargoed,20,1,17,0.3239289446185998,0.6754763368162262,0.41901776384535006,0.38414259373079285,0.0,3785,957
purged_embargoed,20,1,18,0.3218390804597701,0.5691456668715427,0.41901776384535006,0.38414259373079285,0.0,3785,957
purged_embargoed,20,1,19,0.30094043887147337,0.5009219422249539,0.41901776384535006,0.38414259373079285,0.0,3785,957
purged_embargoed,20,2,0,0.2852664576802508,0.4699856586765007,0.400208986415883,0.3652939971317353,0.0,3785,957
purged_embargoed,20,2,1,0.5193312434691745,0.6828518746158574,0.400208986415883,0.3652939971317353,0.0,3785,957
purged_embargoed,20,2,2,0.36363636363636365,0.6601106330669945,0.400208986415883,0.3652939971317353,0.0,3785,957
purged_embargoed,20,2,3,0.35214211076280044,0.6754763368162262,0.400208986415883,0.3652939971317353,0.0,3785,957
purged_embargoed,20,2,4,0.29780564263322884,0.6429010448678549,0.400208986415883,0.3652939971317353,0.0,3785,957
purged_embargoed,20,2,5,0.41379310344827586,0.6537594755173121,0.400208986415883,0.3652939971317353,0.0,3785,957
purged_embargoed,20,2,6,0.31452455590386624,0.5711944273714403,0.400208986415883,0.3652939971317353,0.0,3785,957
purged_embargoed,20,2,7,0.29153605015673983,0.5021511985248924,0.400208986415883,0.3652939971317353,0.0,3785,957
purged_embargoed,20,2,8,0.3437826541274817,0.6556033599672199,0.400208986415883,0.3652939971317353,0.0,3785,957
purged_embargoed,20,2,9,0.3563218390804598,0.594960049170252,0.400208986415883,0.3652939971317353,0.0,3785,957
purged_embargoed,20,2,10,0.322884012539185,0.5451751690227412,0.400208986415883,0.3652939971317353,0.0,3785,957
purged_embargoed,20,2,11,0.36886102403343785,0.6681007990165949,0.400208986415883,0.3652939971317353,0.0,3785,957
purged_embargoed,20,2,12,0.3657262277951933,0.6357303831182135,0.400208986415883,0.3652939971317353,0.0,3785,957
purged_embargoed,20,2,13,0.31974921630094044,0.6060233558696988,0.400208986415883,0.3652939971317353,0.0,3785,957
purged_embargoed,20,2,14,0.3552769070010449,0.675681212866216,0.400208986415883,0.3652939971317353,0.0,3785,957
purged_embargoed,20,2,15,0.3949843260188088,0.6615447654169228,0.400208986415883,0.3652939971317353,0.0,3785,957
purged_embargoed,20,2,16,0.3166144200626959,0.5406678959229666,0.400208986415883,0.3652939971317353,0.0,3785,957
purged_embargoed,20,2,17,0.3239289446185998,0.589018643720549,0.400208986415883,0.3652939971317353,0.0,3785,957
purged_embargoed,20,2,18,0.3594566353187043,0.6390083999180496,0.400208986415883,0.3652939971317353,0.0,3785,957
purged_embargoed,20,2,19,0.3322884012539185,0.6359352591682033,0.400208986415883,0.3652939971317353,0.0,3785,957
purged_embargoed,20,3,0,0.3939393939393939,0.6090964966195451,0.35214211076280044,0.3521819299323909,0.0,3785,957
purged_embargoed,20,3,1,0.36363636363636365,0.6687154271665642,0.35214211076280044,0.3521819299323909,0.0,3785,957
purged_embargoed,20,3,2,0.3051201671891327,0.6553984839172301,0.35214211076280044,0.3521819299323909,0.0,3785,957
purged_embargoed,20,3,3,0.29780564263322884,0.5986478180700676,0.35214211076280044,0.3521819299323909,0.0,3785,957
purged_embargoed,20,3,4,0.30303030303030304,0.53779963122311,0.35214211076280044,0.3521819299323909,0.0,3785,957
purged_embargoed,20,3,5,0.3322884012539185,0.6871542716656422,0.35214211076280044,0.3521819299323909,0.0,3785,957
purged_embargoed,20,3,6,0.34796238244514105,0.5953698012702315,0.35214211076280044,0.3521819299323909,0.0,3785,957
purged_embargoed,20,3,7,0.30929989550679204,0.6484326982175783,0.35214211076280044,0.3521819299323909,0.0,3785,957
purged_embargoed,20,3,8,0.26750261233019856,0.6412620364679369,0.35214211076280044,0.3521819299323909,0.0,3785,957
purged_embargoed,20,3,9,0.3155694879832811,0.6158574062692072,0.35214211076280044,0.3521819299323909,0.0,3785,957
purged_embargoed,20,3,10,0.36886102403343785,0.6754763368162262,0.35214211076280044,0.3521819299323909,0.0,3785,957
purged_embargoed,20,3,11,0.3552769070010449,0.6111452571194428,0.35214211076280044,0.3521819299323909,0.0,3785,957
purged_embargoed,20,3,12,0.28735632183908044,0.6115550092194223,0.35214211076280044,0.3521819299323909,0.0,3785,957
purged_embargoed,20,3,13,0.3322884012539185,0.6463839377176808,0.35214211076280044,0.3521819299323909,0.0,3785,957
purged_embargoed,20,3,14,0.30825496342737724,0.6107355050194633,0.35214211076280044,0.3521819299323909,0.0,3785,957
purged_embargoed,20,3,15,0.3187042842215256,0.60499897561975,0.35214211076280044,0.3521819299323909,0.0,3785,957
purged_embargoed,20,3,16,0.2413793103448276,0.6230280680188486,0.35214211076280044,0.3521819299323909,0.0,3785,957
purged_embargoed,20,3,17,0.3343782654127482,0.6162671583691867,0.35214211076280044,0.3521819299323909,0.0,3785,957
purged_embargoed,20,3,18,0.2884012539184953,0.6525302192173735,0.35214211076280044,0.3521819299323909,0.0,3785,957
purged_embargoed,20,3,19,0.3187042842215256,0.5791845933210408,0.35214211076280044,0.3521819299323909,0.0,3785,957
purged_embargoed,20,4,0,0.24660397074190177,0.6080721163695963,0.44200626959247646,0.3855767260807212,0.0,3785,957
purged_embargoed,20,4,1,0.2601880877742947,0.6693300553165334,0.44200626959247646,0.3855767260807212,0.0,3785,957
purged_embargoed,20,4,2,0.24346917450365727,0.6533497234173326,0.44200626959247646,0.3855767260807212,0.0,3785,957
purged_embargoed,20,4,3,0.3187042842215256,0.6668715427166564,0.44200626959247646,0.3855767260807212,0.0,3785,957
purged_embargoed,20,4,4,0.26436781609195403,0.6558082360172096,0.44200626959247646,0.3855767260807212,0.0,3785,957
purged_embargoed,20,4,5,0.26959247648902823,0.6586765007170662,0.44200626959247646,0.3855767260807212,0.0,3785,957
purged_embargoed,20,4,6,0.25914315569487983,0.6246670764187666,0.44200626959247646,0.3855767260807212,0.0,3785,957
purged_embargoed,20,4,7,0.29780564263322884,0.652120467117394,0.44200626959247646,0.3855767260807212,0.0,3785,957
purged_embargoed,20,4,8,0.23406478578892373,0.6250768285187461,0.44200626959247646,0.3855767260807212,0.0,3785,957
purged_embargoed,20,4,9,0.3960292580982236,0.4746978078262651,0.44200626959247646,0.3855767260807212,0.0,3785,957
purged_embargoed,20,4,10,0.42528735632183906,0.5123950010243803,0.44200626959247646,0.3855767260807212,0.0,3785,957
purged_embargoed,20,4,11,0.3657262277951933,0.6211841835689408,0.44200626959247646,0.3855767260807212,0.0,3785,957
purged_embargoed,20,4,12,0.34273772204806685,0.6373693915181315,0.44200626959247646,0.3855767260807212,0.0,3785,957
purged_embargoed,20,4,13,0.31452455590386624,0.6812128662159393,0.44200626959247646,0.3855767260807212,0.0,3785,957
purged_embargoed,20,4,14,0.25391849529780564,0.6148330260192584,0.44200626959247646,0.3855767260807212,0.0,3785,957
purged_embargoed,20,4,15,0.3051201671891327,0.6443351772177832,0.44200626959247646,0.3855767260807212,0.0,3785,957
purged_embargoed,20,4,16,0.30094043887147337,0.6594960049170252,0.44200626959247646,0.3855767260807212,0.0,3785,957
purged_embargoed,20,4,17,0.2612330198537095,0.6088916205695554,0.44200626959247646,0.3855767260807212,0.0,3785,957
purged_embargoed,20,4,18,0.3166144200626959,0.6627740217168613,0.44200626959247646,0.3855767260807212,0.0,3785,957
purged_embargoed,20,4,19,0.2361546499477534,0.5039950829748002,0.44200626959247646,0.3855767260807212,0.0,3785,957
random_split,5,0,0,0.5428571428571428,0.5641339869281046,0.5387755102040817,0.5465686274509803,1.0,3916,980
random_split,5,0,1,0.5071428571428571,0.5559640522875817,0.5591836734693878,0.5465686274509803,1.0,3916,980
random_split,5,0,2,0.5204081632653061,0.5720996732026143,0.539795918367347,0.5465686274509803,1.0,3916,980
random_split,5,0,3,0.5428571428571428,0.5645424836601307,0.5316326530612245,0.5465686274509803,1.0,3916,980
random_split,5,0,4,0.5591836734693878,0.5629084967320261,0.5612244897959183,0.5465686274509803,1.0,3916,980
random_split,5,0,5,0.536734693877551,0.5486111111111112,0.536734693877551,0.5465686274509803,1.0,3916,980
random_split,5,0,6,0.5224489795918368,0.5529003267973857,0.5479591836734694,0.5465686274509803,1.0,3916,980
random_split,5,0,7,0.5265306122448979,0.5706699346405228,0.5285714285714286,0.5465686274509803,1.0,3916,980
random_split,5,0,8,0.5387755102040817,0.5524918300653595,0.5387755102040817,0.5465686274509803,1.0,3916,980
random_split,5,0,9,0.55,0.5488153594771242,0.5530612244897959,0.5465686274509803,1.0,3916,980
random_split,5,0,10,0.536734693877551,0.5731209150326797,0.5336734693877551,0.5465686274509803,1.0,3916,980
random_split,5,0,11,0.5428571428571428,0.5631127450980392,0.5336734693877551,0.5465686274509803,1.0,3916,980
random_split,5,0,12,0.5193877551020408,0.5561683006535948,0.5214285714285715,0.5465686274509803,1.0,3916,980
random_split,5,0,13,0.5193877551020408,0.5692401960784313,0.5326530612244897,0.5465686274509803,1.0,3916,980
random_split,5,0,14,0.4846938775510204,0.5516748366013072,0.5112244897959184,0.5465686274509803,1.0,3916,980
random_split,5,0,15,0.5326530612244897,0.568218954248366,0.5357142857142857,0.5465686274509803,1.0,3916,980
random_split,5,0,16,0.5244897959183673,0.5537173202614379,0.5387755102040817,0.5465686274509803,1.0,3916,980
random_split,5,0,17,0.5459183673469388,0.5471813725490197,0.5479591836734694,0.5465686274509803,1.0,3916,980
random_split,5,0,18,0.560204081632653,0.5635212418300654,0.5561224489795918,0.5465686274509803,1.0,3916,980
random_split,5,0,19,0.5153061224489796,0.5633169934640523,0.5224489795918368,0.5465686274509803,1.0,3916,980
random_split,5,1,0,0.5448979591836735,0.5898692810457516,0.5479591836734694,0.5449346405228758,1.0,3916,980
random_split,5,1,1,0.5163265306122449,0.5545343137254902,0.5479591836734694,0.5449346405228758,1.0,3916,980
random_split,5,1,2,0.5357142857142857,0.5635212418300654,0.5377551020408163,0.5449346405228758,1.0,3916,980
random_split,5,1,3,0.5204081632653061,0.5494281045751634,0.5214285714285715,0.5449346405228758,1.0,3916,980
random_split,5,1,4,0.5448979591836735,0.5737336601307189,0.5418367346938775,0.5449346405228758,1.0,3916,980
random_split,5,1,5,0.4897959183673469,0.5520833333333334,0.5275510204081633,0.5449346405228758,1.0,3916,980
random_split,5,1,6,0.5581632653061225,0.5704656862745098,0.5418367346938775,0.5449346405228758,1.0,3916,980
random_split,5,1,7,0.5448979591836735,0.5651552287581699,0.536734693877551,0.5449346405228758,1.0,3916,980
random_split,5,1,8,0.5561224489795918,0.5661764705882353,0.5459183673469388,0.5449346405228758,1.0,3916,980
random_split,5,1,9,0.5244897959183673,0.5590277777777778,0.5377551020408163,0.5449346405228758,1.0,3916,980
random_split,5,1,10,0.5489795918367347,0.5461601307189542,0.5469387755102041,0.5449346405228758,1.0,3916,980
random_split,5,1,11,0.5540816326530612,0.5549428104575164,0.5551020408163265,0.5449346405228758,1.0,3916,980
random_split,5,1,12,0.513265306122449,0.5610702614379085,0.5571428571428572,0.5449346405228758,1.0,3916,980
random_split,5,1,13,0.5479591836734694,0.568218954248366,0.5530612244897959,0.5449346405228758,1.0,3916,980
random_split,5,1,14,0.5857142857142857,0.5798611111111112,0.5653061224489796,0.5449346405228758,1.0,3916,980
random_split,5,1,15,0.5520408163265306,0.5827205882352942,0.5693877551020409,0.5449346405228758,1.0,3916,980
random_split,5,1,16,0.5581632653061225,0.5504493464052288,0.5520408163265306,0.5449346405228758,1.0,3916,980
random_split,5,1,17,0.5102040816326531,0.5449346405228758,0.5102040816326531,0.5449346405228758,1.0,3916,980
random_split,5,1,18,0.5530612244897959,0.5629084967320261,0.5551020408163265,0.5449346405228758,1.0,3916,980
random_split,5,1,19,0.5183673469387755,0.5504493464052288,0.5255102040816326,0.5449346405228758,1.0,3916,980
random_split,5,2,0,0.5255102040816326,0.5751633986928104,0.5316326530612245,0.551062091503268,1.0,3916,980
random_split,5,2,1,0.5326530612244897,0.5649509803921569,0.5306122448979592,0.551062091503268,1.0,3916,980
random_split,5,2,2,0.5357142857142857,0.5716911764705882,0.5591836734693878,0.551062091503268,1.0,3916,980
random_split,5,2,3,0.5551020408163265,0.5716911764705882,0.5530612244897959,0.551062091503268,1.0,3916,980
random_split,5,2,4,0.5744897959183674,0.5749591503267973,0.5693877551020409,0.551062091503268,1.0,3916,980
random_split,5,2,5,0.5581632653061225,0.5833333333333334,0.5469387755102041,0.551062091503268,1.0,3916,980
random_split,5,2,6,0.5642857142857143,0.5774101307189542,0.5642857142857143,0.551062091503268,1.0,3916,980
random_split,5,2,7,0.5622448979591836,0.5649509803921569,0.563265306122449,0.551062091503268,1.0,3916,980
random_split,5,2,8,0.5642857142857143,0.5700571895424836,0.576530612244898,0.551062091503268,1.0,3916,980
random_split,5,2,9,0.4897959183673469,0.514297385620915,0.5775510204081633,0.551062091503268,1.0,3916,980
random_split,5,2,10,0.5346938775510204,0.5598447712418301,0.536734693877551,0.551062091503268,1.0,3916,980
random_split,5,2,11,0.5642857142857143,0.5778186274509803,0.5622448979591836,0.551062091503268,1.0,3916,980
random_split,5,2,12,0.5448979591836735,0.5663807189542484,0.5581632653061225,0.551062091503268,1.0,3916,980
random_split,5,2,13,0.5489795918367347,0.5917075163398693,0.5387755102040817,0.551062091503268,1.0,3916,980
random_split,5,2,14,0.5377551020408163,0.5612745098039216,0.5479591836734694,0.551062091503268,1.0,3916,980
random_split,5,2,15,0.5173469387755102,0.5708741830065359,0.5653061224489796,0.551062091503268,1.0,3916,980
random_split,5,2,16,0.49387755102040815,0.5753676470588235,0.5591836734693878,0.551062091503268,1.0,3916,980
random_split,5,2,17,0.5795918367346938,0.5831290849673203,0.573469387755102,0.551062091503268,1.0,3916,980
random_split,5,2,18,0.5489795918367347,0.5696486928104575,0.5540816326530612,0.551062091503268,1.0,3916,980
random_split,5,2,19,0.5653061224489796,0.5776143790849673,0.5551020408163265,0.551062091503268,1.0,3916,980
random_split,5,3,0,0.5214285714285715,0.579248366013072,0.5326530612244897,0.5343137254901961,1.0,3916,980
random_split,5,3,1,0.5346938775510204,0.5553513071895425,0.5285714285714286,0.5343137254901961,1.0,3916,980
random_split,5,3,2,0.5571428571428572,0.5718954248366013,0.5571428571428572,0.5343137254901961,1.0,3916,980
random_split,5,3,3,0.5530612244897959,0.5471813725490197,0.5540816326530612,0.5343137254901961,1.0,3916,980
random_split,5,3,4,0.5061224489795918,0.5526960784313726,0.5326530612244897,0.5343137254901961,1.0,3916,980
random_split,5,3,5,0.5510204081632653,0.5547385620915033,0.5326530612244897,0.5343137254901961,1.0,3916,980
random_split,5,3,6,0.48673469387755103,0.5124591503267973,0.5469387755102041,0.5343137254901961,1.0,3916,980
random_split,5,3,7,0.503061224489796,0.5643382352941176,0.5051020408163265,0.5343137254901961,1.0,3916,980
random_split,5,3,8,0.523469387755102,0.5514705882352942,0.5255102040816326,0.5343137254901961,1.0,3916,980
random_split,5,3,9,0.5255102040816326,0.5424836601307189,0.5214285714285715,0.5343137254901961,1.0,3916,980
random_split,5,3,10,0.5561224489795918,0.5733251633986928,0.55,0.5343137254901961,1.0,3916,980
random_split,5,3,11,0.39081632653061227,0.4511846405228758,0.5153061224489796,0.5343137254901961,1.0,3916,980
random_split,5,3,12,0.4928571428571429,0.5357434640522876,0.5326530612244897,0.5343137254901961,1.0,3916,980
random_split,5,3,13,0.5377551020408163,0.5467728758169934,0.5346938775510204,0.5343137254901961,1.0,3916,980
random_split,5,3,14,0.5153061224489796,0.5700571895424836,0.5265306122448979,0.5343137254901961,1.0,3916,980
random_split,5,3,15,0.5295918367346939,0.5492238562091504,0.5255102040816326,0.5343137254901961,1.0,3916,980
random_split,5,3,16,0.5295918367346939,0.5537173202614379,0.5428571428571428,0.5343137254901961,1.0,3916,980
random_split,5,3,17,0.5204081632653061,0.5700571895424836,0.5357142857142857,0.5343137254901961,1.0,3916,980
random_split,5,3,18,0.5561224489795918,0.5702614379084967,0.5561224489795918,0.5343137254901961,1.0,3916,980
random_split,5,3,19,0.5255102040816326,0.5612745098039216,0.5142857142857142,0.5343137254901961,1.0,3916,980
random_split,5,4,0,0.5489795918367347,0.5855800653594772,0.5591836734693878,0.551062091503268,1.0,3916,980
random_split,5,4,1,0.5510204081632653,0.5571895424836601,0.5510204081632653,0.551062091503268,1.0,3916,980
random_split,5,4,2,0.5744897959183674,0.5941584967320261,0.5540816326530612,0.551062091503268,1.0,3916,980
random_split,5,4,3,0.539795918367347,0.5716911764705882,0.5591836734693878,0.551062091503268,1.0,3916,980
random_split,5,4,4,0.5653061224489796,0.5837418300653595,0.5551020408163265,0.551062091503268,1.0,3916,980
random_split,5,4,5,0.5326530612244897,0.5831290849673203,0.5377551020408163,0.551062091503268,1.0,3916,980
random_split,5,4,6,0.5622448979591836,0.5870098039215687,0.5479591836734694,0.551062091503268,1.0,3916,980
random_split,5,4,7,0.5683673469387756,0.5978349673202614,0.5346938775510204,0.551062091503268,1.0,3916,980
random_split,5,4,8,0.5530612244897959,0.5949754901960784,0.5591836734693878,0.551062091503268,1.0,3916,980
random_split,5,4,9,0.5540816326530612,0.5847630718954249,0.5469387755102041,0.551062091503268,1.0,3916,980
random_split,5,4,10,0.55,0.5951797385620915,0.539795918367347,0.551062091503268,1.0,3916,980
random_split,5,4,11,0.5673469387755102,0.5847630718954249,0.5653061224489796,0.551062091503268,1.0,3916,980
random_split,5,4,12,0.5336734693877551,0.5686274509803921,0.536734693877551,0.551062091503268,1.0,3916,980
random_split,5,4,13,0.5724489795918367,0.6008986928104575,0.5653061224489796,0.551062091503268,1.0,3916,980
random_split,5,4,14,0.5714285714285714,0.5876225490196079,0.5561224489795918,0.551062091503268,1.0,3916,980
random_split,5,4,15,0.5408163265306123,0.5829248366013072,0.5510204081632653,0.551062091503268,1.0,3916,980
random_split,5,4,16,0.5857142857142857,0.5906862745098039,0.5724489795918367,0.551062091503268,1.0,3916,980
random_split,5,4,17,0.5673469387755102,0.579452614379085,0.5408163265306123,0.551062091503268,1.0,3916,980
random_split,5,4,18,0.5285714285714286,0.5696486928104575,0.5306122448979592,0.551062091503268,1.0,3916,980
random_split,5,4,19,0.5469387755102041,0.6158088235294118,0.5438775510204081,0.551062091503268,1.0,3916,980
random_split,10,0,0,0.5638406537282942,0.6260478429768963,0.4198161389172625,0.40298507462686567,1.0,3912,979
random_split,10,0,1,0.5965270684371808,0.632590472296054,0.37589376915219613,0.40298507462686567,1.0,3912,979
random_split,10,0,2,0.5280898876404494,0.5845430382334901,0.4065372829417773,0.40298507462686567,1.0,3912,979
random_split,10,0,3,0.5842696629213483,0.6344305867920671,0.39734422880490294,0.40298507462686567,1.0,3912,979
random_split,10,0,4,0.5863125638406538,0.6497648742588428,0.41164453524004085,0.40298507462686567,1.0,3912,979
random_split,10,0,5,0.5607763023493361,0.5961970967082396,0.39938712972420837,0.40298507462686567,1.0,3912,979
random_split,10,0,6,0.5536261491317671,0.5904722960539767,0.4198161389172625,0.40298507462686567,1.0,3912,979
random_split,10,0,7,0.5056179775280899,0.5626661214475568,0.3881511746680286,0.40298507462686567,1.0,3912,979
random_split,10,0,8,0.6108273748723186,0.6804334491923942,0.4136874361593463,0.40298507462686567,1.0,3912,979
random_split,10,0,9,0.38100102145045966,0.3866285013289716,0.40551583248212464,0.40298507462686567,1.0,3912,979
random_split,10,0,10,0.6026557711950971,0.6499693314250664,0.40858018386108275,0.40298507462686567,1.0,3912,979
random_split,10,0,11,0.5515832482124617,0.6066244121856471,0.40755873340143,0.40298507462686567,1.0,3912,979
random_split,10,0,12,0.5413687436159347,0.6064199550194235,0.36670071501532175,0.40298507462686567,1.0,3912,979
random_split,10,0,13,0.5903983656792645,0.6391331016152116,0.3830439223697651,0.40298507462686567,1.0,3912,979
random_split,10,0,14,0.6302349336057201,0.6708239623798814,0.4065372829417773,0.40298507462686567,1.0,3912,979
random_split,10,0,15,0.5863125638406538,0.6466980167654877,0.41062308478038817,0.40298507462686567,1.0,3912,979
random_split,10,0,16,0.5076608784473953,0.5563279492946228,0.4371807967313585,0.40298507462686567,1.0,3912,979
random_split,10,0,17,0.5464759959141982,0.6011040686976078,0.390194075587334,0.40298507462686567,1.0,3912,979
random_split,10,0,18,0.5107252298263534,0.5538744632999386,0.4004085801838611,0.40298507462686567,1.0,3912,979
random_split,10,0,19,0.5066394279877426,0.5520343488039255,0.4024514811031665,0.40298507462686567,1.0,3912,979
random_split,10,1,0,0.59244126659857,0.6661214475567369,0.3840653728294178,0.3931711306481292,1.0,3912,979
random_split,10,1,1,0.5842696629213483,0.6473113882641587,0.39427987742594484,0.3931711306481292,1.0,3912,979
random_split,10,1,2,0.5301327885597549,0.5794316090778981,0.3738508682328907,0.3931711306481292,1.0,3912,979
random_split,10,1,3,0.54341164453524,0.6121447556736863,0.39325842696629215,0.3931711306481292,1.0,3912,979
random_split,10,1,4,0.501532175689479,0.5520343488039255,0.40960163432073543,0.3931711306481292,1.0,3912,979
random_split,10,1,5,0.5842696629213483,0.6399509302801063,0.39121552604698673,0.3931711306481292,1.0,3912,979
random_split,10,1,6,0.5597548518896833,0.6002862400327131,0.4279877425944842,0.3931711306481292,1.0,3912,979
random_split,10,1,7,0.627170582226762,0.6724596197096708,0.3953013278855976,0.3931711306481292,1.0,3912,979
random_split,10,1,8,0.5413687436159347,0.6280924146391331,0.4198161389172625,0.3931711306481292,1.0,3912,979
random_split,10,1,9,0.5730337078651685,0.6399509302801063,0.38508682328907046,0.3931711306481292,1.0,3912,979
random_split,10,1,10,0.5556690500510725,0.6160294418319362,0.3922369765066394,0.3931711306481292,1.0,3912,979
random_split,10,1,11,0.5628192032686414,0.6293191576364752,0.3830439223697651,0.3931711306481292,1.0,3912,979
random_split,10,1,12,0.5842696629213483,0.6526272745859742,0.39938712972420837,0.3931711306481292,1.0,3912,979
random_split,10,1,13,0.5270684371807968,0.5274994888570844,0.424923391215526,0.3931711306481292,1.0,3912,979
random_split,10,1,14,0.6118488253319714,0.6571253322428952,0.3983656792645557,0.3931711306481292,1.0,3912,979
random_split,10,1,15,0.59244126659857,0.6563075035780004,0.3953013278855976,0.3931711306481292,1.0,3912,979
random_split,10,1,16,0.5526046986721144,0.604170926190963,0.3891726251276813,0.3931711306481292,1.0,3912,979
random_split,10,1,17,0.5291113381001021,0.5755469229196484,0.34933605720122574,0.3931711306481292,1.0,3912,979
random_split,10,1,18,0.5423901940755873,0.6197096708239623,0.3748723186925434,0.3931711306481292,1.0,3912,979
random_split,10,1,19,0.5148110316649642,0.541607033326518,0.4024514811031665,0.3931711306481292,1.0,3912,979
random_split,10,2,0,0.5393258426966292,0.5851564097321611,0.41164453524004085,0.4003271314659579,1.0,3912,979
random_split,10,2,1,0.5291113381001021,0.5769781230832141,0.40960163432073543,0.4003271314659579,1.0,3912,979
random_split,10,2,2,0.5454545454545454,0.5961970967082396,0.4004085801838611,0.4003271314659579,1.0,3912,979
random_split,10,2,3,0.5454545454545454,0.6123492128399101,0.41164453524004085,0.4003271314659579,1.0,3912,979
random_split,10,2,4,0.47191011235955055,0.5557145777959518,0.4044943820224719,0.4003271314659579,1.0,3912,979
random_split,10,2,5,0.5658835546475995,0.6135759558372521,0.4014300306435138,0.4003271314659579,1.0,3912,979
random_split,10,2,6,0.5781409601634321,0.6319771007973829,0.36567926455566907,0.4003271314659579,1.0,3912,979
random_split,10,2,7,0.5188968335035751,0.575751380085872,0.41062308478038817,0.4003271314659579,1.0,3912,979
random_split,10,2,8,0.5270684371807968,0.5344510325086894,0.41164453524004085,0.4003271314659579,1.0,3912,979
random_split,10,2,9,0.5485188968335035,0.6162338989981598,0.3983656792645557,0.4003271314659579,1.0,3912,979
random_split,10,2,10,0.54341164453524,0.6170517276630546,0.40755873340143,0.4003271314659579,1.0,3912,979
random_split,10,2,11,0.5617977528089888,0.6381108157840932,0.38202247191011235,0.4003271314659579,1.0,3912,979
random_split,10,2,12,0.5199182839632278,0.583316295236148,0.40755873340143,0.4003271314659579,1.0,3912,979
random_split,10,2,13,0.5566905005107252,0.6221631568186465,0.3769152196118488,0.4003271314659579,1.0,3912,979
random_split,10,2,14,0.5669050051072523,0.6456757309343693,0.3983656792645557,0.4003271314659579,1.0,3912,979
random_split,10,2,15,0.599591419816139,0.6679615620527499,0.4136874361593463,0.4003271314659579,1.0,3912,979
random_split,10,2,16,0.4964249233912155,0.5360866898384788,0.4014300306435138,0.4003271314659579,1.0,3912,979
random_split,10,2,17,0.501532175689479,0.5544878347986097,0.4034729315628192,0.4003271314659579,1.0,3912,979
random_split,10,2,18,0.5005107252298263,0.5522388059701493,0.3871297242083759,0.4003271314659579,1.0,3912,979
random_split,10,2,19,0.48621041879468846,0.4978531997546514,0.42390194075587334,0.4003271314659579,1.0,3912,979
random_split,10,3,0,0.5822267620020429,0.6315681864649356,0.390194075587334,0.3937845021468002,1.0,3912,979
random_split,10,3,1,0.4514811031664964,0.489265998773257,0.4157303370786517,0.3937845021468002,1.0,3912,979
random_split,10,3,2,0.5638406537282942,0.6225720711510938,0.3769152196118488,0.3937845021468002,1.0,3912,979
random_split,10,3,3,0.5127681307456589,0.5882232672255162,0.39734422880490294,0.3937845021468002,1.0,3912,979
random_split,10,3,4,0.5709908069458631,0.6278879574729094,0.39427987742594484,0.3937845021468002,1.0,3912,979
random_split,10,3,5,0.5791624106230848,0.6634635043958291,0.3922369765066394,0.3937845021468002,1.0,3912,979
random_split,10,3,6,0.5822267620020429,0.6274790431404621,0.39632277834525026,0.3937845021468002,1.0,3912,979
random_split,10,3,7,0.5597548518896833,0.6356573297894091,0.38202247191011235,0.3937845021468002,1.0,3912,979
random_split,10,3,8,0.5781409601634321,0.6599877325700266,0.3891726251276813,0.3937845021468002,1.0,3912,979
random_split,10,3,9,0.5873340143003064,0.6237988141484359,0.39121552604698673,0.3937845021468002,1.0,3912,979
random_split,10,3,10,0.5137895812053116,0.6131670415048047,0.3534218590398366,0.3937845021468002,1.0,3912,979
random_split,10,3,11,0.4770173646578141,0.5246370885299529,0.3840653728294178,0.3937845021468002,1.0,3912,979
random_split,10,3,12,0.5607763023493361,0.6311592721324882,0.41164453524004085,0.3937845021468002,1.0,3912,979
random_split,10,3,13,0.5240040858018387,0.5773870374156614,0.3718079673135853,0.3937845021468002,1.0,3912,979
random_split,10,3,14,0.5240040858018387,0.6002862400327131,0.3769152196118488,0.3937845021468002,1.0,3912,979
random_split,10,3,15,0.6251276813074566,0.6724596197096708,0.3769152196118488,0.3937845021468002,1.0,3912,979
random_split,10,3,16,0.5311542390194075,0.5724800654262931,0.36976506639427986,0.3937845021468002,1.0,3912,979
random_split,10,3,17,0.5709908069458631,0.6276835003066857,0.3891726251276813,0.3937845021468002,1.0,3912,979
random_split,10,3,18,0.5607763023493361,0.6145982416683705,0.39632277834525026,0.3937845021468002,1.0,3912,979
random_split,10,3,19,0.5250255362614913,0.6076466980167655,0.39121552604698673,0.3937845021468002,1.0,3912,979
random_split,10,4,0,0.5536261491317671,0.582702923737477,0.37895812053115424,0.3943978736454713,1.0,3912,979
random_split,10,4,1,0.5352400408580184,0.5520343488039255,0.36465781409601633,0.3943978736454713,1.0,3912,979
random_split,10,4,2,0.5955056179775281,0.6745041913719075,0.38508682328907046,0.3943978736454713,1.0,3912,979
random_split,10,4,3,0.6159346271705822,0.6753220200368023,0.38202247191011235,0.3943978736454713,1.0,3912,979
random_split,10,4,4,0.5903983656792645,0.6131670415048047,0.40755873340143,0.3943978736454713,1.0,3912,979
random_split,10,4,5,0.5740551583248212,0.6115313841750153,0.3452502553626149,0.3943978736454713,1.0,3912,979
random_split,10,4,6,0.6332992849846782,0.6904518503373543,0.3769152196118488,0.3943978736454713,1.0,3912,979
random_split,10,4,7,0.6128702757916241,0.6667348190554079,0.40551583248212464,0.3943978736454713,1.0,3912,979
random_split,10,4,8,0.5209397344228804,0.5810672664076876,0.41266598569969354,0.3943978736454713,1.0,3912,979
random_split,10,4,9,0.5178753830439223,0.5297485176855449,0.4004085801838611,0.3943978736454713,1.0,3912,979
random_split,10,4,10,0.5985699693564862,0.6556941320793294,0.40551583248212464,0.3943978736454713,1.0,3912,979
random_split,10,4,11,0.5607763023493361,0.6176650991617256,0.3799795709908069,0.3943978736454713,1.0,3912,979
random_split,10,4,12,0.6332992849846782,0.6573297894091188,0.39427987742594484,0.3943978736454713,1.0,3912,979
random_split,10,4,13,0.575076608784474,0.6193007564915151,0.372829417773238,0.3943978736454713,1.0,3912,979
random_split,10,4,14,0.6353421859039836,0.6679615620527499,0.39734422880490294,0.3943978736454713,1.0,3912,979
random_split,10,4,15,0.6189989785495403,0.683091392353302,0.41062308478038817,0.3943978736454713,1.0,3912,979
random_split,10,4,16,0.5372829417773238,0.5528521774688203,0.4167517875383044,0.3943978736454713,1.0,3912,979
random_split,10,4,17,0.557711950970378,0.6321815579636066,0.39734422880490294,0.3943978736454713,1.0,3912,979
random_split,10,4,18,0.4729315628192033,0.5097117153956247,0.40960163432073543,0.3943978736454713,1.0,3912,979
random_split,10,4,19,0.5393258426966292,0.5841341239010427,0.3799795709908069,0.3943978736454713,1.0,3912,979
random_split,20,0,0,0.5598771750255885,0.587379635320631,0.3705220061412487,0.38270846138086456,1.0,3904,977
random_split,20,0,1,0.6642784032753326,0.7180905552140955,0.3858751279426817,0.38270846138086456,1.0,3904,977
random_split,20,0,2,0.7011258955987717,0.7230075804138496,0.37768679631525076,0.38270846138086456,1.0,3904,977
random_split,20,0,3,0.691914022517912,0.7217783241139111,0.36438075742067555,0.38270846138086456,1.0,3904,977
random_split,20,0,4,0.6284544524053224,0.7080516287645974,0.3633572159672467,0.38270846138086456,1.0,3904,977
random_split,20,0,5,0.6141248720573184,0.6261012087686949,0.3766632548618219,0.38270846138086456,1.0,3904,977
random_split,20,0,6,0.6427840327533265,0.677320221266134,0.37563971340839303,0.38270846138086456,1.0,3904,977
random_split,20,0,7,0.7082906857727738,0.7449293177627535,0.4002047082906858,0.38270846138086456,1.0,3904,977
random_split,20,0,8,0.5496417604912999,0.5720139315713993,0.40122824974411464,0.38270846138086456,1.0,3904,977
random_split,20,0,9,0.586489252814739,0.6242573243187871,0.39508700102354144,0.38270846138086456,1.0,3904,977
random_split,20,0,10,0.7205731832139202,0.7451341938127433,0.38382804503582396,0.38270846138086456,1.0,3904,977
random_split,20,0,11,0.6632548618219037,0.7144027863142799,0.3889457523029683,0.38270846138086456,1.0,3904,977
random_split,20,0,12,0.534288638689867,0.547838557672608,0.37461617195496416,0.38270846138086456,1.0,3904,977
random_split,20,0,13,0.7123848515864892,0.743700061462815,0.38792221084953943,0.38270846138086456,1.0,3904,977
random_split,20,0,14,0.7082906857727738,0.7480024585125998,0.37563971340839303,0.38270846138086456,1.0,3904,977
random_split,20,0,15,0.6223132036847492,0.6564228641671789,0.37461617195496416,0.38270846138086456,1.0,3904,977
random_split,20,0,16,0.6990788126919141,0.7584511370620775,0.4165813715455476,0.38270846138086456,1.0,3904,977
random_split,20,0,17,0.6182190378710338,0.6273304650686334,0.37768679631525076,0.38270846138086456,1.0,3904,977
random_split,20,0,18,0.6192425793244627,0.6549887318172506,0.40736949846468784,0.38270846138086456,1.0,3904,977
random_split,20,0,19,0.6448311156601843,0.6846957590657652,0.38485158648925283,0.38270846138086456,1.0,3904,977
random_split,20,1,0,0.6376663254861822,0.6816226183159189,0.4022517911975435,0.38414259373079285,1.0,3904,977
random_split,20,1,1,0.6908904810644831,0.7119442737144028,0.3766632548618219,0.38414259373079285,1.0,3904,977
random_split,20,1,2,0.7001023541453428,0.7611145257119443,0.3623336745138178,0.38414259373079285,1.0,3904,977
random_split,20,1,3,0.7123848515864892,0.7447244417127638,0.4022517911975435,0.38414259373079285,1.0,3904,977
random_split,20,1,4,0.6366427840327533,0.6535545994673223,0.4124872057318321,0.38414259373079285,1.0,3904,977
random_split,20,1,5,0.6970317297850563,0.734480639213276,0.38178096212896623,0.38414259373079285,1.0,3904,977
random_split,20,1,6,0.5066530194472876,0.5242778119237861,0.37768679631525076,0.38414259373079285,1.0,3904,977
random_split,20,1,7,0.6325486182190379,0.6646179061667691,0.37461617195496416,0.38414259373079285,1.0,3904,977
random_split,20,1,8,0.7011258955987717,0.7365293997131735,0.38178096212896623,0.38414259373079285,1.0,3904,977
random_split,20,1,9,0.7052200614124872,0.7508707232124565,0.37768679631525076,0.38414259373079285,1.0,3904,977
random_split,20,1,10,0.43398157625383826,0.4441712763777914,0.3828045035823951,0.38414259373079285,1.0,3904,977
random_split,20,1,11,0.7041965199590583,0.7412415488629379,0.38485158648925283,0.38414259373079285,1.0,3904,977
random_split,20,1,12,0.6264073694984647,0.6588813767670559,0.37871033776867963,0.38414259373079285,1.0,3904,977
random_split,20,1,13,0.6530194472876152,0.7060028682646998,0.3858751279426817,0.38414259373079285,1.0,3904,977
random_split,20,1,14,0.7001023541453428,0.7340708871132965,0.4032753326509724,0.38414259373079285,1.0,3904,977
random_split,20,1,15,0.7175025588536336,0.7412415488629379,0.3961105424769703,0.38414259373079285,1.0,3904,977
random_split,20,1,16,0.6294779938587513,0.6967834460151608,0.3991811668372569,0.38414259373079285,1.0,3904,977
random_split,20,1,17,0.5844421699078812,0.5972136857201393,0.3971340839303992,0.38414259373079285,1.0,3904,977
random_split,20,1,18,0.6745138178096213,0.7154271665642287,0.38075742067553736,0.38414259373079285,1.0,3904,977
random_split,20,1,19,0.7492323439099283,0.7715632042614219,0.37154554759467756,0.38414259373079285,1.0,3904,977
random_split,20,2,0,0.6407369498464688,0.693300553165335,0.3510747185261003,0.3652939971317353,1.0,3904,977
random_split,20,2,1,0.5987717502558854,0.6205695554189715,0.3735926305015353,0.3652939971317353,1.0,3904,977
random_split,20,2,2,0.6663254861821903,0.7000614628149969,0.3654042988741044,0.3652939971317353,1.0,3904,977
random_split,20,2,3,0.4022517911975435,0.41979102642901045,0.3735926305015353,0.3652939971317353,1.0,3904,977
random_split,20,2,4,0.7175025588536336,0.7262855972136857,0.3930399181166837,0.3652939971317353,1.0,3904,977
random_split,20,2,5,0.6796315250767656,0.6912517926654375,0.3664278403275333,0.3652939971317353,1.0,3904,977
random_split,20,2,6,0.7021494370522006,0.7115345216144233,0.3500511770726714,0.3652939971317353,1.0,3904,977
random_split,20,2,7,0.6898669396110543,0.7334562589633272,0.37871033776867963,0.3652939971317353,1.0,3904,977
random_split,20,2,8,0.5496417604912999,0.5349313665232535,0.37563971340839303,0.3652939971317353,1.0,3904,977
random_split,20,2,9,0.654042988741044,0.6787543536160623,0.39201637666325484,0.3652939971317353,1.0,3904,977
random_split,20,2,10,0.5250767656090072,0.5595164925220242,0.35823950870010235,0.3652939971317353,1.0,3904,977
random_split,20,2,11,0.6673490276356192,0.7029297275148535,0.3766632548618219,0.3652939971317353,1.0,3904,977
random_split,20,2,12,0.6847492323439099,0.7379635320631018,0.3623336745138178,0.3652939971317353,1.0,3904,977
random_split,20,2,13,0.7031729785056294,0.7365293997131735,0.3664278403275333,0.3652939971317353,1.0,3904,977
random_split,20,2,14,0.5394063459570113,0.5980331899200984,0.3561924257932446,0.3652939971317353,1.0,3904,977
random_split,20,2,15,0.7021494370522006,0.7254660930137267,0.35823950870010235,0.3652939971317353,1.0,3904,977
random_split,20,2,16,0.6816786079836233,0.718500307314075,0.37154554759467756,0.3652939971317353,1.0,3904,977
random_split,20,2,17,0.6929375639713409,0.7078467527146076,0.3664278403275333,0.3652939971317353,1.0,3904,977
random_split,20,2,18,0.5394063459570113,0.5593116164720344,0.36131013306038895,0.3652939971317353,1.0,3904,977
random_split,20,2,19,0.6704196519959058,0.6871542716656422,0.368474923234391,0.3652939971317353,1.0,3904,977
random_split,20,3,0,0.5547594677584442,0.5812333538209383,0.3500511770726714,0.3521819299323909,1.0,3904,977
random_split,20,3,1,0.5168884339815762,0.5214095472239295,0.3623336745138178,0.3521819299323909,1.0,3904,977
random_split,20,3,2,0.5772773797338793,0.6099160008195041,0.3633572159672467,0.3521819299323909,1.0,3904,977
random_split,20,3,3,0.6397134083930399,0.6779348494161033,0.34800409416581374,0.3521819299323909,1.0,3904,977
random_split,20,3,4,0.5967246673490276,0.6283548453185822,0.3572159672466735,0.3521819299323909,1.0,3904,977
random_split,20,3,5,0.6755373592630501,0.6816226183159189,0.3623336745138178,0.3521819299323909,1.0,3904,977
random_split,20,3,6,0.676560900716479,0.7318172505634092,0.3490276356192426,0.3521819299323909,1.0,3904,977
random_split,20,3,7,0.6847492323439099,0.7195246875640238,0.3623336745138178,0.3521819299323909,1.0,3904,977
random_split,20,3,8,0.5987717502558854,0.6385986478180701,0.34493346980552714,0.3521819299323909,1.0,3904,977
random_split,20,3,9,0.6550665301944729,0.6711739397664414,0.3541453428863869,0.3521819299323909,1.0,3904,977
random_split,20,3,10,0.6970317297850563,0.7545584921122721,0.3572159672466735,0.3521819299323909,1.0,3904,977
random_split,20,3,11,0.5455475946775844,0.5804138496209793,0.36131013306038895,0.3521819299323909,1.0,3904,977
random_split,20,3,12,0.6427840327533265,0.6869493956156525,0.3623336745138178,0.3521819299323909,1.0,3904,977
random_split,20,3,13,0.6131013306038895,0.6728129481663594,0.34493346980552714,0.3521819299323909,1.0,3904,977
random_split,20,3,14,0.6622313203684749,0.6906371645154682,0.3592630501535312,0.3521819299323909,1.0,3904,977
random_split,20,3,15,0.638689866939611,0.6658471624667076,0.3490276356192426,0.3521819299323909,1.0,3904,977
random_split,20,3,16,0.6745138178096213,0.7047736119647613,0.37461617195496416,0.3521819299323909,1.0,3904,977
random_split,20,3,17,0.47082906857727735,0.4910878918254456,0.3510747185261003,0.3521819299323909,1.0,3904,977
random_split,20,3,18,0.6571136131013307,0.6875640237656218,0.3633572159672467,0.3521819299323909,1.0,3904,977
random_split,20,3,19,0.6560900716479018,0.7057979922147101,0.35516888433981575,0.3521819299323909,1.0,3904,977
random_split,20,4,0,0.7185261003070624,0.7281294816635935,0.38792221084953943,0.3855767260807212,1.0,3904,977
random_split,20,4,1,0.6294779938587513,0.662978897766851,0.3961105424769703,0.3855767260807212,1.0,3904,977
random_split,20,4,2,0.6878198567041965,0.7125589018643721,0.3694984646878199,0.3855767260807212,1.0,3904,977
random_split,20,4,3,0.5250767656090072,0.5298094652735095,0.37461617195496416,0.3855767260807212,1.0,3904,977
random_split,20,4,4,0.4483111566018424,0.4619954927269002,0.4002047082906858,0.3855767260807212,1.0,3904,977
random_split,20,4,5,0.7093142272262026,0.7447244417127638,0.39201637666325484,0.3855767260807212,1.0,3904,977
random_split,20,4,6,0.7031729785056294,0.7346855152632658,0.39201637666325484,0.3855767260807212,1.0,3904,977
random_split,20,4,7,0.6816786079836233,0.6992419586150379,0.4022517911975435,0.3855767260807212,1.0,3904,977
random_split,20,4,8,0.6571136131013307,0.6969883220651506,0.39815762538382804,0.3855767260807212,1.0,3904,977
random_split,20,4,9,0.706243602865916,0.7557877484122106,0.3725690890481064,0.3855767260807212,1.0,3904,977
random_split,20,4,10,0.7195496417604913,0.7346855152632658,0.4022517911975435,0.3855767260807212,1.0,3904,977
random_split,20,4,11,0.6059365404298874,0.6271255890186437,0.3633572159672467,0.3855767260807212,1.0,3904,977
random_split,20,4,12,0.7175025588536336,0.7404220446629789,0.3889457523029683,0.3855767260807212,1.0,3904,977
random_split,20,4,13,0.7205731832139202,0.7443146896127842,0.38792221084953943,0.3855767260807212,1.0,3904,977
random_split,20,4,14,0.6519959058341863,0.6742470805162877,0.3889457523029683,0.3855767260807212,1.0,3904,977
random_split,20,4,15,0.6806550665301945,0.7150174144642492,0.36131013306038895,0.3855767260807212,1.0,3904,977
random_split,20,4,16,0.6376663254861822,0.6769104691661545,0.38075742067553736,0.3855767260807212,1.0,3904,977
random_split,20,4,17,0.7553735926305015,0.761319401761934,0.3828045035823951,0.3855767260807212,1.0,3904,977
random_split,20,4,18,0.7246673490276356,0.7623437820118828,0.36131013306038895,0.3855767260807212,1.0,3904,977
random_split,20,4,19,0.6601842374616171,0.6795738578160213,0.4022517911975435,0.3855767260807212,1.0,3904,977
